-- phpMyAdmin SQL Dump
-- version 5.2.1
-- https://www.phpmyadmin.net/
--
-- Host: 127.0.0.1
-- Waktu pembuatan: 22 Okt 2023 pada 22.30
-- Versi server: 10.4.28-MariaDB
-- Versi PHP: 8.2.4

SET SQL_MODE = "NO_AUTO_VALUE_ON_ZERO";
START TRANSACTION;
SET time_zone = "+00:00";


/*!40101 SET @OLD_CHARACTER_SET_CLIENT=@@CHARACTER_SET_CLIENT */;
/*!40101 SET @OLD_CHARACTER_SET_RESULTS=@@CHARACTER_SET_RESULTS */;
/*!40101 SET @OLD_COLLATION_CONNECTION=@@COLLATION_CONNECTION */;
/*!40101 SET NAMES utf8mb4 */;

--
-- Database: `db_mapel`
--

-- --------------------------------------------------------

--
-- Struktur dari tabel `failed_jobs`
--

CREATE TABLE `failed_jobs` (
  `id` bigint(20) UNSIGNED NOT NULL,
  `uuid` varchar(255) NOT NULL,
  `connection` text NOT NULL,
  `queue` text NOT NULL,
  `payload` longtext NOT NULL,
  `exception` longtext NOT NULL,
  `failed_at` timestamp NOT NULL DEFAULT current_timestamp()
) ENGINE=InnoDB DEFAULT CHARSET=utf8mb4 COLLATE=utf8mb4_unicode_ci;

-- --------------------------------------------------------

--
-- Struktur dari tabel `hari_belajars`
--

CREATE TABLE `hari_belajars` (
  `id` bigint(20) UNSIGNED NOT NULL,
  `hari` varchar(255) NOT NULL,
  `jumlah_jam` varchar(255) NOT NULL,
  `created_at` timestamp NULL DEFAULT NULL,
  `updated_at` timestamp NULL DEFAULT NULL
) ENGINE=InnoDB DEFAULT CHARSET=utf8mb4 COLLATE=utf8mb4_unicode_ci;

--
-- Dumping data untuk tabel `hari_belajars`
--

INSERT INTO `hari_belajars` (`id`, `hari`, `jumlah_jam`, `created_at`, `updated_at`) VALUES
(1, 'Senin', '10', '2023-09-07 21:47:39', '2023-09-18 23:20:31'),
(2, 'Selasa', '10', '2023-09-07 21:47:46', '2023-09-18 23:20:24'),
(3, 'Rabu', '10', '2023-09-07 21:47:51', '2023-09-18 23:20:19'),
(4, 'Kamis', '10', '2023-09-07 21:47:58', '2023-09-18 23:20:12'),
(5, 'Jumat', '9', '2023-09-07 21:49:12', '2023-09-18 23:20:04'),
(6, 'Sabtu', '10', '2023-09-07 21:49:23', '2023-09-18 23:20:00');

-- --------------------------------------------------------

--
-- Struktur dari tabel `inisiasi_jadwals`
--

CREATE TABLE `inisiasi_jadwals` (
  `id` bigint(20) UNSIGNED NOT NULL,
  `teachers_id` varchar(20) DEFAULT NULL,
  `mata_pelajarans_id` varchar(20) DEFAULT NULL,
  `status` varchar(255) NOT NULL,
  `created_at` timestamp NULL DEFAULT NULL,
  `updated_at` timestamp NULL DEFAULT NULL
) ENGINE=InnoDB DEFAULT CHARSET=utf8mb4 COLLATE=utf8mb4_unicode_ci;

--
-- Dumping data untuk tabel `inisiasi_jadwals`
--

INSERT INTO `inisiasi_jadwals` (`id`, `teachers_id`, `mata_pelajarans_id`, `status`, `created_at`, `updated_at`) VALUES
(1, '1', '1', '11', '2023-09-21 07:25:56', '2023-09-21 07:27:55'),
(2, '1', '7', '11', '2023-09-21 07:31:24', '2023-09-21 07:31:24'),
(3, '2', '3', '11', '2023-09-21 08:28:43', '2023-09-21 10:02:10'),
(4, '2', '2', '11', '2023-09-21 08:28:53', '2023-09-21 08:28:53'),
(5, '3', '6', '11', '2023-09-21 08:29:09', '2023-09-21 08:29:09'),
(6, '3', '4', '11', '2023-09-21 08:29:17', '2023-09-21 08:29:17'),
(7, '4', '9', '11', '2023-09-21 08:29:32', '2023-09-21 08:29:32'),
(8, '4', '8', '11', '2023-09-21 08:30:09', '2023-09-21 08:30:09'),
(9, '5', '11', '11', '2023-09-21 08:30:30', '2023-09-21 08:30:30'),
(10, '5', '10', '11', '2023-09-21 08:30:43', '2023-09-21 08:30:43'),
(11, '6', '13', '11', '2023-09-21 08:30:58', '2023-09-21 08:31:13'),
(12, '6', '12', '11', '2023-09-21 08:31:23', '2023-09-21 08:31:23'),
(13, '7', '15', '11', '2023-09-21 08:32:40', '2023-09-21 08:32:40'),
(14, '7', '14', '11', '2023-09-21 08:32:56', '2023-09-21 08:32:56'),
(15, '8', '16', '11', '2023-09-21 08:49:55', '2023-09-21 08:49:55'),
(16, '9', '32', '11', '2023-09-21 08:50:16', '2023-09-21 08:50:16'),
(17, '9', '33', '11', '2023-09-21 08:50:25', '2023-09-21 08:50:25'),
(18, '10', '17', '11', '2023-09-21 08:50:46', '2023-09-21 08:50:46'),
(19, '11', '18', '11', '2023-09-21 08:51:01', '2023-09-21 08:51:01'),
(20, '12', '19', '11', '2023-09-21 08:51:20', '2023-09-21 08:51:20'),
(21, '13', '20', '11', '2023-09-21 08:51:57', '2023-09-21 08:51:57'),
(22, '13', '21', '11', '2023-09-21 08:52:08', '2023-09-21 08:52:08'),
(23, '14', '23', '11', '2023-09-21 08:52:41', '2023-09-21 08:52:41'),
(24, '14', '22', '11', '2023-09-21 08:52:55', '2023-09-21 08:52:55'),
(25, '15', '25', '11', '2023-09-21 08:53:48', '2023-09-21 08:53:48'),
(26, '15', '24', '11', '2023-09-21 08:54:27', '2023-09-21 08:54:27'),
(27, '16', '27', '11', '2023-09-21 08:54:56', '2023-09-21 08:54:56'),
(28, '17', '29', '11', '2023-09-21 08:55:10', '2023-09-21 08:55:10'),
(29, '18', '31', '11', '2023-09-21 08:55:28', '2023-09-21 08:55:28'),
(30, '18', '41', '11', '2023-09-21 09:45:56', '2023-09-21 09:45:56'),
(31, '17', '40', '11', '2023-09-21 10:01:43', '2023-09-21 10:01:43'),
(32, '10', '36', '11', '2023-09-21 10:02:45', '2023-09-21 10:02:45'),
(33, '11', '39', '11', '2023-09-21 10:03:02', '2023-09-21 10:03:02'),
(34, '12', '38', '11', '2023-09-21 10:03:17', '2023-09-21 10:03:17'),
(35, '16', '42', '11', '2023-09-21 10:04:30', '2023-09-21 10:04:30'),
(36, '19', '34', '11', '2023-10-19 11:16:15', '2023-10-19 11:16:15'),
(37, '19', '35', '11', '2023-10-19 11:16:33', '2023-10-19 11:16:33'),
(38, '20', '43', '11', '2023-10-22 00:37:37', '2023-10-22 00:37:37'),
(39, '20', '44', '11', '2023-10-22 00:37:46', '2023-10-22 00:37:46'),
(40, '21', '45', '11', '2023-10-22 02:47:15', '2023-10-22 02:47:15'),
(41, '21', '46', '11', '2023-10-22 02:47:22', '2023-10-22 02:47:22');

-- --------------------------------------------------------

--
-- Struktur dari tabel `jam_belajars`
--

CREATE TABLE `jam_belajars` (
  `id` bigint(20) UNSIGNED NOT NULL,
  `jam_mulai` varchar(255) NOT NULL,
  `jam_selesai` varchar(255) NOT NULL,
  `total_jam` varchar(255) NOT NULL,
  `created_at` timestamp NULL DEFAULT NULL,
  `updated_at` timestamp NULL DEFAULT NULL
) ENGINE=InnoDB DEFAULT CHARSET=utf8mb4 COLLATE=utf8mb4_unicode_ci;

--
-- Dumping data untuk tabel `jam_belajars`
--

INSERT INTO `jam_belajars` (`id`, `jam_mulai`, `jam_selesai`, `total_jam`, `created_at`, `updated_at`) VALUES
(1, '07:00', '07:35', '35', '2023-09-07 21:43:41', '2023-09-07 21:43:41'),
(2, '07:35', '08:10', '35', '2023-09-07 21:44:19', '2023-09-07 21:44:19'),
(3, '08:10', '08:45', '35', '2023-09-07 21:44:57', '2023-09-07 21:44:57'),
(4, '08:45', '09:20', '35', '2023-09-07 21:45:18', '2023-09-07 21:45:18'),
(5, '09:40', '10:15', '35', '2023-09-07 21:45:32', '2023-09-07 21:45:32'),
(6, '10:15', '10:50', '35', '2023-09-07 21:46:07', '2023-09-07 21:46:07'),
(7, '10:50', '11:25', '35', '2023-09-07 21:46:19', '2023-09-07 21:46:19'),
(8, '11:25', '12:00', '35', '2023-09-07 21:46:35', '2023-09-07 21:46:35'),
(9, '13:00', '13:35', '35', '2023-09-07 21:46:47', '2023-09-07 21:46:47'),
(10, '13:35', '14:10', '35', '2023-09-07 21:47:01', '2023-09-07 21:47:01'),
(11, '07:45', '08:20', '35', '2023-09-18 23:21:10', '2023-09-18 23:21:10'),
(12, '08:20', '08:55', '35', '2023-09-18 23:21:25', '2023-09-18 23:21:25'),
(13, '08:55', '09:30', '35', '2023-09-18 23:21:44', '2023-09-18 23:21:44'),
(14, '09:50', '10:25', '35', '2023-09-18 23:22:10', '2023-09-18 23:22:10'),
(15, '10:25', '11:00', '35', '2023-09-18 23:22:28', '2023-09-18 23:22:28'),
(16, '13:00', '13:30', '30', '2023-09-18 23:22:52', '2023-09-18 23:22:52'),
(17, '13:30', '14:00', '30', '2023-09-18 23:23:07', '2023-09-18 23:23:07'),
(18, '14:00', '14:30', '30', '2023-09-18 23:23:22', '2023-09-18 23:23:22'),
(19, '14:30', '15:00', '30', '2023-09-18 23:23:53', '2023-09-18 23:23:53'),
(20, '11:00', '11:35', '35', '2023-09-18 23:25:05', '2023-09-18 23:25:05'),
(21, '12:40', '13:15', '35', '2023-09-18 23:25:46', '2023-09-18 23:25:46'),
(22, '13:15', '13:50', '35', '2023-09-18 23:26:04', '2023-09-18 23:26:04'),
(23, '13:50', '14:25', '35', '2023-09-18 23:26:36', '2023-09-18 23:26:36'),
(24, '14:25', '15:00', '35', '2023-09-18 23:26:50', '2023-09-18 23:26:50');

-- --------------------------------------------------------

--
-- Struktur dari tabel `kelas`
--

CREATE TABLE `kelas` (
  `id` bigint(20) UNSIGNED NOT NULL,
  `kelas` varchar(255) NOT NULL,
  `nama` varchar(255) DEFAULT NULL,
  `status` varchar(255) NOT NULL,
  `jurusan` varchar(255) NOT NULL,
  `created_at` timestamp NULL DEFAULT NULL,
  `updated_at` timestamp NULL DEFAULT NULL
) ENGINE=InnoDB DEFAULT CHARSET=utf8mb4 COLLATE=utf8mb4_unicode_ci;

--
-- Dumping data untuk tabel `kelas`
--

INSERT INTO `kelas` (`id`, `kelas`, `nama`, `status`, `jurusan`, `created_at`, `updated_at`) VALUES
(1, 'XI IPA 1', '11 IPA1', '11', 'IPA', '2023-09-05 04:53:02', '2023-09-05 04:53:02'),
(2, 'XI IPA 2', '11 IPA2', '11', 'IPA', '2023-09-05 04:53:02', '2023-09-05 04:53:02'),
(3, 'XI IPA 3', '11 IPA3', '11', 'IPA', '2023-09-05 04:53:02', '2023-09-05 04:53:02'),
(4, 'XI IPA 4', '11 IPA4', '11', 'IPA', '2023-09-05 04:53:02', '2023-09-05 04:53:02'),
(5, 'XI IPA 5', '11 IPA5', '11', 'IPA', '2023-09-05 04:53:02', '2023-09-05 04:53:02'),
(6, 'XI IPA 6', '11 IPA6', '11', 'IPA', '2023-09-05 04:53:02', '2023-09-05 04:53:02'),
(7, 'XI IPA 7', '11 IPA7', '11', 'IPA', '2023-09-05 04:53:02', '2023-09-05 04:53:02'),
(8, 'XI IPA 8', '11 IPA8', '11', 'IPA', '2023-09-05 04:53:02', '2023-09-05 04:53:02'),
(9, 'XI IPA 9', '11 IPA9', '11', 'IPA', '2023-09-05 04:53:02', '2023-09-05 04:53:02'),
(10, 'XI IPS 1', '11 IPS1', '11', 'IPS', '2023-09-05 04:53:02', '2023-09-05 04:53:02'),
(11, 'XI IPS 2', '11 IPS2', '11', 'IPS', '2023-09-05 04:53:02', '2023-09-05 04:53:02');

-- --------------------------------------------------------

--
-- Struktur dari tabel `mata_pelajarans`
--

CREATE TABLE `mata_pelajarans` (
  `id` bigint(20) UNSIGNED NOT NULL,
  `mata_pelajaran` varchar(255) DEFAULT NULL,
  `jurusan` varchar(255) DEFAULT NULL,
  `jumlah_ampuh` varchar(255) DEFAULT NULL,
  `created_at` timestamp NULL DEFAULT NULL,
  `updated_at` timestamp NULL DEFAULT NULL
) ENGINE=InnoDB DEFAULT CHARSET=utf8mb4 COLLATE=utf8mb4_unicode_ci;

--
-- Dumping data untuk tabel `mata_pelajarans`
--

INSERT INTO `mata_pelajarans` (`id`, `mata_pelajaran`, `jurusan`, `jumlah_ampuh`, `created_at`, `updated_at`) VALUES
(1, 'Al-Quran Hadist', 'IPA', '8', '2023-09-18 23:34:39', '2023-09-18 23:59:55'),
(2, 'AKIDAH AKHLAK', 'IPA', '8', '2023-09-18 23:50:38', '2023-09-18 23:50:38'),
(3, 'AKIDAH AKHLAK', 'IPS', '2', '2023-09-18 23:50:51', '2023-09-18 23:50:51'),
(4, 'SKI', 'IPA', '8', '2023-09-18 23:55:26', '2023-09-18 23:55:26'),
(6, 'SKI', 'IPS', '2', '2023-09-18 23:56:33', '2023-09-18 23:56:33'),
(7, 'Al-Quran Hadist', 'IPS', '2', '2023-09-19 00:00:09', '2023-09-19 00:00:09'),
(8, 'FIQIH', 'IPA', '9', '2023-09-19 00:07:12', '2023-09-19 00:07:12'),
(9, 'FIQIH', 'IPS', '2', '2023-09-19 00:07:44', '2023-09-19 00:07:44'),
(10, 'BAHASA ARAB', 'IPA', '8', '2023-09-19 00:20:27', '2023-09-19 00:20:27'),
(11, 'BAHASA ARAB', 'IPS', '2', '2023-09-19 00:20:38', '2023-09-19 00:20:38'),
(12, 'BAHASA INDONESIA', 'IPA', '8', '2023-09-19 00:23:58', '2023-09-19 00:23:58'),
(13, 'BAHASA INDONESIA', 'IPS', '2', '2023-09-19 00:24:12', '2023-09-19 00:24:12'),
(14, 'BAHASA INGGRIS', 'IPA', '8', '2023-09-19 00:24:25', '2023-09-19 00:24:25'),
(15, 'BAHASA INGGRIS', 'IPS', '2', '2023-09-19 00:24:33', '2023-09-19 00:24:33'),
(16, 'MATEMATIKA WAJIB', 'IPA', '8', '2023-09-19 00:24:55', '2023-09-19 00:24:55'),
(17, 'FISIKA', 'IPA', '8', '2023-09-19 00:25:15', '2023-09-19 00:25:15'),
(18, 'KIMIA', 'IPA', '8', '2023-09-19 00:25:29', '2023-09-19 00:25:29'),
(19, 'BIOLOGI', 'IPA', '8', '2023-09-19 00:25:42', '2023-09-19 00:25:42'),
(20, 'SEJARAH', 'IPA', '8', '2023-09-19 00:26:11', '2023-09-19 00:26:11'),
(21, 'SEJARAH', 'IPS', '2', '2023-09-19 00:26:19', '2023-09-19 00:26:19'),
(22, 'KEWIRAUSAHAAN', 'IPA', '8', '2023-09-19 00:26:31', '2023-09-19 00:26:31'),
(23, 'KEWIRAUSAHAAN', 'IPS', '2', '2023-09-19 00:26:38', '2023-09-19 00:26:38'),
(24, 'PENJAS', 'IPA', '8', '2023-09-19 00:26:50', '2023-09-19 00:26:50'),
(25, 'PENJAS', 'IPS', '2', '2023-09-19 00:26:58', '2023-09-19 00:26:58'),
(27, 'EKONOMI', 'IPS', '2', '2023-09-19 00:27:17', '2023-09-19 00:27:17'),
(29, 'SOSIOLOGI', 'IPS', '2', '2023-09-19 00:27:37', '2023-09-19 00:27:37'),
(31, 'GEOGRAFI', 'IPS', '2', '2023-09-19 00:27:52', '2023-09-19 00:27:52'),
(32, 'MATEMATIKA MINAT', 'IPA', '8', '2023-09-21 08:21:20', '2023-09-21 08:21:20'),
(33, 'MATEMATIKA MINAT', 'IPS', '2', '2023-09-21 08:21:27', '2023-09-21 08:21:27'),
(34, 'SENI BUDAYA', 'IPA', '8', '2023-09-21 08:21:55', '2023-09-21 08:21:55'),
(35, 'SENI BUDAYA', 'IPS', '2', '2023-09-21 08:22:02', '2023-09-21 08:22:02'),
(36, 'FISIKA', 'IPS', '2', '2023-09-21 09:41:34', '2023-09-21 09:41:34'),
(38, 'BIOLOGI', 'IPS', '2', '2023-09-21 09:41:44', '2023-09-21 09:41:44'),
(39, 'KIMIA', 'IPS', '2', '2023-09-21 09:41:58', '2023-09-21 09:41:58'),
(40, 'SOSIOLOGI', 'IPA', '8', '2023-09-21 09:43:43', '2023-09-21 09:43:43'),
(41, 'GEOGRAFI', 'IPA', '8', '2023-09-21 09:44:16', '2023-09-21 09:44:16'),
(42, 'EKONOMI', 'IPA', '8', '2023-09-21 10:04:01', '2023-09-21 10:04:14'),
(43, 'PPKN', 'IPA', '9', '2023-10-22 00:37:10', '2023-10-22 00:37:10'),
(44, 'PPKN', 'IPS', '2', '2023-10-22 00:37:23', '2023-10-22 00:37:23'),
(45, 'PJOK', 'IPA', '9', '2023-10-22 02:46:37', '2023-10-22 02:46:37'),
(46, 'PJOK', 'IPS', '2', '2023-10-22 02:46:46', '2023-10-22 02:46:46');

-- --------------------------------------------------------

--
-- Struktur dari tabel `migrations`
--

CREATE TABLE `migrations` (
  `id` int(10) UNSIGNED NOT NULL,
  `migration` varchar(255) NOT NULL,
  `batch` int(11) NOT NULL
) ENGINE=InnoDB DEFAULT CHARSET=utf8mb4 COLLATE=utf8mb4_unicode_ci;

--
-- Dumping data untuk tabel `migrations`
--

INSERT INTO `migrations` (`id`, `migration`, `batch`) VALUES
(1, '2014_10_12_000000_create_users_table', 1),
(2, '2014_10_12_100000_create_password_reset_tokens_table', 1),
(3, '2014_10_12_100000_create_password_resets_table', 1),
(4, '2019_08_19_000000_create_failed_jobs_table', 1),
(5, '2019_12_14_000001_create_personal_access_tokens_table', 1),
(6, '2023_08_30_131951_create_teachers_table', 2),
(7, '2023_08_30_161311_create_kelas_table', 3),
(8, '2023_09_01_060031_create_mata_pelajarans_table', 4),
(9, '2023_09_01_062442_create_jam_belajars_table', 5),
(10, '2023_09_01_070038_create_hari_belajars_table', 6),
(11, '2023_09_05_094410_create_slot_jadwals_table', 7),
(13, '2023_09_05_101630_create_inisiasi_jadwals_table', 8),
(14, '2023_09_26_160619_create_parameters_table', 9),
(17, '2023_10_19_023132_create_results_table', 10);

-- --------------------------------------------------------

--
-- Struktur dari tabel `parameters`
--

CREATE TABLE `parameters` (
  `id` bigint(20) UNSIGNED NOT NULL,
  `alpha` varchar(255) DEFAULT NULL,
  `beta` varchar(255) DEFAULT NULL,
  `q` varchar(255) DEFAULT NULL,
  `rho` varchar(255) DEFAULT NULL,
  `tij` varchar(255) DEFAULT NULL,
  `created_at` timestamp NULL DEFAULT NULL,
  `updated_at` timestamp NULL DEFAULT NULL
) ENGINE=InnoDB DEFAULT CHARSET=utf8mb4 COLLATE=utf8mb4_unicode_ci;

-- --------------------------------------------------------

--
-- Struktur dari tabel `password_resets`
--

CREATE TABLE `password_resets` (
  `email` varchar(255) NOT NULL,
  `token` varchar(255) NOT NULL,
  `created_at` timestamp NULL DEFAULT NULL
) ENGINE=InnoDB DEFAULT CHARSET=utf8mb4 COLLATE=utf8mb4_unicode_ci;

-- --------------------------------------------------------

--
-- Struktur dari tabel `password_reset_tokens`
--

CREATE TABLE `password_reset_tokens` (
  `email` varchar(255) NOT NULL,
  `token` varchar(255) NOT NULL,
  `created_at` timestamp NULL DEFAULT NULL
) ENGINE=InnoDB DEFAULT CHARSET=utf8mb4 COLLATE=utf8mb4_unicode_ci;

-- --------------------------------------------------------

--
-- Struktur dari tabel `personal_access_tokens`
--

CREATE TABLE `personal_access_tokens` (
  `id` bigint(20) UNSIGNED NOT NULL,
  `tokenable_type` varchar(255) NOT NULL,
  `tokenable_id` bigint(20) UNSIGNED NOT NULL,
  `name` varchar(255) NOT NULL,
  `token` varchar(64) NOT NULL,
  `abilities` text DEFAULT NULL,
  `last_used_at` timestamp NULL DEFAULT NULL,
  `expires_at` timestamp NULL DEFAULT NULL,
  `created_at` timestamp NULL DEFAULT NULL,
  `updated_at` timestamp NULL DEFAULT NULL
) ENGINE=InnoDB DEFAULT CHARSET=utf8mb4 COLLATE=utf8mb4_unicode_ci;

-- --------------------------------------------------------

--
-- Struktur dari tabel `results`
--

CREATE TABLE `results` (
  `id` bigint(20) UNSIGNED NOT NULL,
  `slot_id` bigint(20) UNSIGNED NOT NULL,
  `init_id` varchar(255) NOT NULL,
  `kelas_id` bigint(20) UNSIGNED NOT NULL,
  `created_at` timestamp NULL DEFAULT NULL,
  `updated_at` timestamp NULL DEFAULT NULL
) ENGINE=InnoDB DEFAULT CHARSET=utf8mb4 COLLATE=utf8mb4_unicode_ci;

--
-- Dumping data untuk tabel `results`
--

INSERT INTO `results` (`id`, `slot_id`, `init_id`, `kelas_id`, `created_at`, `updated_at`) VALUES
(1, 1, '37', 1, '2023-10-22 13:22:36', '2023-10-22 13:22:36'),
(2, 2, '37', 1, '2023-10-22 13:22:36', '2023-10-22 13:22:36'),
(3, 3, '15', 1, '2023-10-22 13:22:36', '2023-10-22 13:22:36'),
(4, 4, '15', 1, '2023-10-22 13:22:36', '2023-10-22 13:22:36'),
(5, 5, '15', 1, '2023-10-22 13:22:36', '2023-10-22 13:22:36'),
(6, 6, '15', 1, '2023-10-22 13:22:36', '2023-10-22 13:22:36'),
(7, 7, '10', 1, '2023-10-22 13:22:36', '2023-10-22 13:22:36'),
(8, 8, '10', 1, '2023-10-22 13:22:36', '2023-10-22 13:22:36'),
(9, 9, '21', 1, '2023-10-22 13:22:36', '2023-10-22 13:22:36'),
(10, 10, '21', 1, '2023-10-22 13:22:36', '2023-10-22 13:22:36'),
(11, 1, '12', 2, '2023-10-22 13:22:36', '2023-10-22 13:22:36'),
(12, 2, '12', 2, '2023-10-22 13:22:36', '2023-10-22 13:22:36'),
(13, 3, '12', 2, '2023-10-22 13:22:36', '2023-10-22 13:22:36'),
(14, 4, '12', 2, '2023-10-22 13:22:36', '2023-10-22 13:22:36'),
(15, 5, '6', 2, '2023-10-22 13:22:36', '2023-10-22 13:22:36'),
(16, 6, '6', 2, '2023-10-22 13:22:36', '2023-10-22 13:22:36'),
(17, 7, '19', 2, '2023-10-22 13:22:36', '2023-10-22 13:22:36'),
(18, 8, '19', 2, '2023-10-22 13:22:36', '2023-10-22 13:22:36'),
(19, 9, '19', 2, '2023-10-22 13:22:36', '2023-10-22 13:22:36'),
(20, 10, '19', 2, '2023-10-22 13:22:36', '2023-10-22 13:22:36'),
(21, 1, '26', 3, '2023-10-22 13:22:36', '2023-10-22 13:22:36'),
(22, 2, '26', 3, '2023-10-22 13:22:36', '2023-10-22 13:22:36'),
(23, 3, '20', 3, '2023-10-22 13:22:36', '2023-10-22 13:22:36'),
(24, 4, '20', 3, '2023-10-22 13:22:36', '2023-10-22 13:22:36'),
(25, 5, '20', 3, '2023-10-22 13:22:36', '2023-10-22 13:22:36'),
(26, 6, '20', 3, '2023-10-22 13:22:36', '2023-10-22 13:22:36'),
(27, 7, '12', 3, '2023-10-22 13:22:36', '2023-10-22 13:22:36'),
(28, 8, '12', 3, '2023-10-22 13:22:36', '2023-10-22 13:22:36'),
(29, 9, '12', 3, '2023-10-22 13:22:36', '2023-10-22 13:22:36'),
(30, 10, '12', 3, '2023-10-22 13:22:36', '2023-10-22 13:22:36'),
(31, 1, '19', 4, '2023-10-22 13:22:36', '2023-10-22 13:22:36'),
(32, 2, '19', 4, '2023-10-22 13:22:36', '2023-10-22 13:22:36'),
(33, 3, '19', 4, '2023-10-22 13:22:36', '2023-10-22 13:22:36'),
(34, 4, '19', 4, '2023-10-22 13:22:36', '2023-10-22 13:22:36'),
(35, 5, '38', 4, '2023-10-22 13:22:36', '2023-10-22 13:22:36'),
(36, 6, '38', 4, '2023-10-22 13:22:36', '2023-10-22 13:22:36'),
(37, 7, '10', 4, '2023-10-22 13:22:36', '2023-10-22 13:22:36'),
(38, 8, '10', 4, '2023-10-22 13:22:36', '2023-10-22 13:22:36'),
(39, 9, '15', 4, '2023-10-22 13:22:36', '2023-10-22 13:22:36'),
(40, 10, '15', 4, '2023-10-22 13:22:36', '2023-10-22 13:22:36'),
(41, 1, '15', 5, '2023-10-22 13:22:36', '2023-10-22 13:22:36'),
(42, 2, '15', 5, '2023-10-22 13:22:36', '2023-10-22 13:22:36'),
(43, 3, '38', 5, '2023-10-22 13:22:36', '2023-10-22 13:22:36'),
(44, 4, '38', 5, '2023-10-22 13:22:36', '2023-10-22 13:22:36'),
(45, 5, '10', 5, '2023-10-22 13:22:36', '2023-10-22 13:22:36'),
(46, 6, '10', 5, '2023-10-22 13:22:36', '2023-10-22 13:22:36'),
(47, 7, '15', 5, '2023-10-22 13:22:36', '2023-10-22 13:22:36'),
(48, 8, '15', 5, '2023-10-22 13:22:36', '2023-10-22 13:22:36'),
(49, 9, '4', 5, '2023-10-22 13:22:36', '2023-10-22 13:22:36'),
(50, 10, '4', 5, '2023-10-22 13:22:36', '2023-10-22 13:22:36'),
(51, 1, '35', 6, '2023-10-22 13:22:36', '2023-10-22 13:22:36'),
(52, 2, '35', 6, '2023-10-22 13:22:36', '2023-10-22 13:22:36'),
(53, 3, '12', 6, '2023-10-22 13:22:36', '2023-10-22 13:22:36'),
(54, 4, '12', 6, '2023-10-22 13:22:36', '2023-10-22 13:22:36'),
(55, 5, '12', 6, '2023-10-22 13:22:36', '2023-10-22 13:22:36'),
(56, 6, '12', 6, '2023-10-22 13:22:36', '2023-10-22 13:22:36'),
(57, 7, '16', 6, '2023-10-22 13:22:36', '2023-10-22 13:22:36'),
(58, 8, '16', 6, '2023-10-22 13:22:36', '2023-10-22 13:22:36'),
(59, 9, '16', 6, '2023-10-22 13:22:36', '2023-10-22 13:22:36'),
(60, 10, '16', 6, '2023-10-22 13:22:36', '2023-10-22 13:22:36'),
(61, 1, '19', 7, '2023-10-22 13:22:36', '2023-10-22 13:22:36'),
(62, 2, '19', 7, '2023-10-22 13:22:36', '2023-10-22 13:22:36'),
(63, 3, '6', 7, '2023-10-22 13:22:36', '2023-10-22 13:22:36'),
(64, 4, '6', 7, '2023-10-22 13:22:36', '2023-10-22 13:22:36'),
(65, 5, '14', 7, '2023-10-22 13:22:36', '2023-10-22 13:22:36'),
(66, 6, '14', 7, '2023-10-22 13:22:36', '2023-10-22 13:22:36'),
(67, 7, '14', 7, '2023-10-22 13:22:36', '2023-10-22 13:22:36'),
(68, 8, '8', 7, '2023-10-22 13:22:36', '2023-10-22 13:22:36'),
(69, 9, '8', 7, '2023-10-22 13:22:36', '2023-10-22 13:22:36'),
(70, 10, '35', 7, '2023-10-22 13:22:36', '2023-10-22 13:22:36'),
(71, 1, '1', 8, '2023-10-22 13:22:36', '2023-10-22 13:22:36'),
(72, 2, '1', 8, '2023-10-22 13:22:36', '2023-10-22 13:22:36'),
(73, 3, '20', 8, '2023-10-22 13:22:36', '2023-10-22 13:22:36'),
(74, 4, '20', 8, '2023-10-22 13:22:36', '2023-10-22 13:22:36'),
(75, 5, '26', 8, '2023-10-22 13:22:36', '2023-10-22 13:22:36'),
(76, 6, '26', 8, '2023-10-22 13:22:36', '2023-10-22 13:22:36'),
(77, 7, '8', 8, '2023-10-22 13:22:36', '2023-10-22 13:22:36'),
(78, 8, '8', 8, '2023-10-22 13:22:36', '2023-10-22 13:22:36'),
(79, 9, '4', 8, '2023-10-22 13:22:36', '2023-10-22 13:22:36'),
(80, 10, '4', 8, '2023-10-22 13:22:36', '2023-10-22 13:22:36'),
(81, 1, '10', 9, '2023-10-22 13:22:36', '2023-10-22 13:22:36'),
(82, 2, '10', 9, '2023-10-22 13:22:36', '2023-10-22 13:22:36'),
(83, 3, '1', 9, '2023-10-22 13:22:36', '2023-10-22 13:22:36'),
(84, 4, '1', 9, '2023-10-22 13:22:36', '2023-10-22 13:22:36'),
(85, 5, '1', 9, '2023-10-22 13:22:36', '2023-10-22 13:22:36'),
(86, 6, '15', 9, '2023-10-22 13:22:36', '2023-10-22 13:22:36'),
(87, 7, '15', 9, '2023-10-22 13:22:36', '2023-10-22 13:22:36'),
(88, 8, '15', 9, '2023-10-22 13:22:36', '2023-10-22 13:22:36'),
(89, 9, '6', 9, '2023-10-22 13:22:36', '2023-10-22 13:22:36'),
(90, 10, '6', 9, '2023-10-22 13:22:36', '2023-10-22 13:22:36'),
(91, 1, '29', 10, '2023-10-22 13:22:36', '2023-10-22 13:22:36'),
(92, 2, '29', 10, '2023-10-22 13:22:36', '2023-10-22 13:22:36'),
(93, 3, '29', 10, '2023-10-22 13:22:36', '2023-10-22 13:22:36'),
(94, 4, '29', 10, '2023-10-22 13:22:36', '2023-10-22 13:22:36'),
(95, 5, '37', 10, '2023-10-22 13:22:36', '2023-10-22 13:22:36'),
(96, 6, '37', 10, '2023-10-22 13:22:36', '2023-10-22 13:22:36'),
(97, 7, '25', 10, '2023-10-22 13:22:36', '2023-10-22 13:22:36'),
(98, 8, '25', 10, '2023-10-22 13:22:36', '2023-10-22 13:22:36'),
(99, 9, '23', 10, '2023-10-22 13:22:36', '2023-10-22 13:22:36'),
(100, 10, '23', 10, '2023-10-22 13:22:36', '2023-10-22 13:22:36'),
(101, 1, '21', 11, '2023-10-22 13:22:36', '2023-10-22 13:22:36'),
(102, 2, '21', 11, '2023-10-22 13:22:36', '2023-10-22 13:22:36'),
(103, 3, '9', 11, '2023-10-22 13:22:36', '2023-10-22 13:22:36'),
(104, 4, '9', 11, '2023-10-22 13:22:36', '2023-10-22 13:22:36'),
(105, 5, '11', 11, '2023-10-22 13:22:36', '2023-10-22 13:22:36'),
(106, 6, '11', 11, '2023-10-22 13:22:36', '2023-10-22 13:22:36'),
(107, 7, '32', 11, '2023-10-22 13:22:36', '2023-10-22 13:22:36'),
(108, 8, '32', 11, '2023-10-22 13:22:36', '2023-10-22 13:22:36'),
(109, 9, '37', 11, '2023-10-22 13:22:36', '2023-10-22 13:22:36'),
(110, 10, '37', 11, '2023-10-22 13:22:36', '2023-10-22 13:22:36'),
(111, 11, '16', 1, '2023-10-22 13:22:36', '2023-10-22 13:22:36'),
(112, 12, '16', 1, '2023-10-22 13:22:36', '2023-10-22 13:22:36'),
(113, 13, '16', 1, '2023-10-22 13:22:36', '2023-10-22 13:22:36'),
(114, 14, '16', 1, '2023-10-22 13:22:36', '2023-10-22 13:22:36'),
(115, 15, '4', 1, '2023-10-22 13:22:36', '2023-10-22 13:22:36'),
(116, 16, '4', 1, '2023-10-22 13:22:36', '2023-10-22 13:22:36'),
(117, 17, '12', 1, '2023-10-22 13:22:36', '2023-10-22 13:22:36'),
(118, 18, '12', 1, '2023-10-22 13:22:36', '2023-10-22 13:22:36'),
(119, 19, '12', 1, '2023-10-22 13:22:36', '2023-10-22 13:22:36'),
(120, 20, '12', 1, '2023-10-22 13:22:36', '2023-10-22 13:22:36'),
(121, 11, '15', 2, '2023-10-22 13:22:36', '2023-10-22 13:22:36'),
(122, 12, '15', 2, '2023-10-22 13:22:36', '2023-10-22 13:22:36'),
(123, 13, '15', 2, '2023-10-22 13:22:36', '2023-10-22 13:22:36'),
(124, 14, '15', 2, '2023-10-22 13:22:36', '2023-10-22 13:22:36'),
(125, 15, '14', 2, '2023-10-22 13:22:36', '2023-10-22 13:22:36'),
(126, 16, '14', 2, '2023-10-22 13:22:36', '2023-10-22 13:22:36'),
(127, 17, '14', 2, '2023-10-22 13:22:36', '2023-10-22 13:22:36'),
(128, 18, '18', 2, '2023-10-22 13:22:36', '2023-10-22 13:22:36'),
(129, 19, '18', 2, '2023-10-22 13:22:36', '2023-10-22 13:22:36'),
(130, 20, '18', 2, '2023-10-22 13:22:36', '2023-10-22 13:22:36'),
(131, 11, '35', 3, '2023-10-22 13:22:36', '2023-10-22 13:22:36'),
(132, 12, '35', 3, '2023-10-22 13:22:36', '2023-10-22 13:22:36'),
(133, 13, '35', 3, '2023-10-22 13:22:36', '2023-10-22 13:22:36'),
(134, 14, '35', 3, '2023-10-22 13:22:36', '2023-10-22 13:22:36'),
(135, 15, '1', 3, '2023-10-22 13:22:36', '2023-10-22 13:22:36'),
(136, 16, '1', 3, '2023-10-22 13:22:36', '2023-10-22 13:22:36'),
(137, 17, '6', 3, '2023-10-22 13:22:36', '2023-10-22 13:22:36'),
(138, 18, '6', 3, '2023-10-22 13:22:36', '2023-10-22 13:22:36'),
(139, 19, '15', 3, '2023-10-22 13:22:36', '2023-10-22 13:22:36'),
(140, 20, '15', 3, '2023-10-22 13:22:36', '2023-10-22 13:22:36'),
(141, 11, '26', 4, '2023-10-22 13:22:36', '2023-10-22 13:22:36'),
(142, 12, '26', 4, '2023-10-22 13:22:36', '2023-10-22 13:22:36'),
(143, 13, '18', 4, '2023-10-22 13:22:36', '2023-10-22 13:22:36'),
(144, 14, '18', 4, '2023-10-22 13:22:36', '2023-10-22 13:22:36'),
(145, 15, '18', 4, '2023-10-22 13:22:36', '2023-10-22 13:22:36'),
(146, 16, '18', 4, '2023-10-22 13:22:36', '2023-10-22 13:22:36'),
(147, 17, '21', 4, '2023-10-22 13:22:36', '2023-10-22 13:22:36'),
(148, 18, '21', 4, '2023-10-22 13:22:36', '2023-10-22 13:22:36'),
(149, 19, '36', 4, '2023-10-22 13:22:36', '2023-10-22 13:22:36'),
(150, 20, '36', 4, '2023-10-22 13:22:36', '2023-10-22 13:22:36'),
(151, 11, '40', 5, '2023-10-22 13:22:36', '2023-10-22 13:22:36'),
(152, 12, '40', 5, '2023-10-22 13:22:36', '2023-10-22 13:22:36'),
(153, 13, '12', 5, '2023-10-22 13:22:36', '2023-10-22 13:22:36'),
(154, 14, '12', 5, '2023-10-22 13:22:36', '2023-10-22 13:22:36'),
(155, 15, '12', 5, '2023-10-22 13:22:36', '2023-10-22 13:22:36'),
(156, 16, '12', 5, '2023-10-22 13:22:36', '2023-10-22 13:22:36'),
(157, 17, '8', 5, '2023-10-22 13:22:36', '2023-10-22 13:22:36'),
(158, 18, '8', 5, '2023-10-22 13:22:36', '2023-10-22 13:22:36'),
(159, 19, '26', 5, '2023-10-22 13:22:36', '2023-10-22 13:22:36'),
(160, 20, '26', 5, '2023-10-22 13:22:36', '2023-10-22 13:22:36'),
(161, 11, '19', 6, '2023-10-22 13:22:36', '2023-10-22 13:22:36'),
(162, 12, '19', 6, '2023-10-22 13:22:36', '2023-10-22 13:22:36'),
(163, 13, '19', 6, '2023-10-22 13:22:36', '2023-10-22 13:22:36'),
(164, 14, '38', 6, '2023-10-22 13:22:36', '2023-10-22 13:22:36'),
(165, 15, '38', 6, '2023-10-22 13:22:36', '2023-10-22 13:22:36'),
(166, 16, '41', 6, '2023-10-22 13:22:36', '2023-10-22 13:22:36'),
(167, 17, '41', 6, '2023-10-22 13:22:36', '2023-10-22 13:22:36'),
(168, 18, '14', 6, '2023-10-22 13:22:36', '2023-10-22 13:22:36'),
(169, 19, '14', 6, '2023-10-22 13:22:36', '2023-10-22 13:22:36'),
(170, 20, '14', 6, '2023-10-22 13:22:36', '2023-10-22 13:22:36'),
(171, 11, '12', 7, '2023-10-22 13:22:36', '2023-10-22 13:22:36'),
(172, 12, '12', 7, '2023-10-22 13:22:36', '2023-10-22 13:22:36'),
(173, 13, '12', 7, '2023-10-22 13:22:36', '2023-10-22 13:22:36'),
(174, 14, '12', 7, '2023-10-22 13:22:36', '2023-10-22 13:22:36'),
(175, 15, '21', 7, '2023-10-22 13:22:36', '2023-10-22 13:22:36'),
(176, 16, '21', 7, '2023-10-22 13:22:36', '2023-10-22 13:22:36'),
(177, 17, '18', 7, '2023-10-22 13:22:36', '2023-10-22 13:22:36'),
(178, 18, '18', 7, '2023-10-22 13:22:36', '2023-10-22 13:22:36'),
(179, 19, '18', 7, '2023-10-22 13:22:36', '2023-10-22 13:22:36'),
(180, 20, '18', 7, '2023-10-22 13:22:36', '2023-10-22 13:22:36'),
(181, 11, '18', 8, '2023-10-22 13:22:36', '2023-10-22 13:22:36'),
(182, 12, '18', 8, '2023-10-22 13:22:36', '2023-10-22 13:22:36'),
(183, 13, '18', 8, '2023-10-22 13:22:36', '2023-10-22 13:22:36'),
(184, 14, '18', 8, '2023-10-22 13:22:36', '2023-10-22 13:22:36'),
(185, 15, '38', 8, '2023-10-22 13:22:36', '2023-10-22 13:22:36'),
(186, 16, '38', 8, '2023-10-22 13:22:36', '2023-10-22 13:22:36'),
(187, 17, '16', 8, '2023-10-22 13:22:36', '2023-10-22 13:22:36'),
(188, 18, '16', 8, '2023-10-22 13:22:36', '2023-10-22 13:22:36'),
(189, 19, '16', 8, '2023-10-22 13:22:36', '2023-10-22 13:22:36'),
(190, 20, '16', 8, '2023-10-22 13:22:36', '2023-10-22 13:22:36'),
(191, 11, '1', 9, '2023-10-22 13:22:36', '2023-10-22 13:22:36'),
(192, 12, '1', 9, '2023-10-22 13:22:36', '2023-10-22 13:22:36'),
(193, 13, '26', 9, '2023-10-22 13:22:36', '2023-10-22 13:22:36'),
(194, 14, '26', 9, '2023-10-22 13:22:36', '2023-10-22 13:22:36'),
(195, 15, '40', 9, '2023-10-22 13:22:36', '2023-10-22 13:22:36'),
(196, 16, '40', 9, '2023-10-22 13:22:36', '2023-10-22 13:22:36'),
(197, 17, '4', 9, '2023-10-22 13:22:36', '2023-10-22 13:22:36'),
(198, 18, '4', 9, '2023-10-22 13:22:36', '2023-10-22 13:22:36'),
(199, 19, '4', 9, '2023-10-22 13:22:36', '2023-10-22 13:22:36'),
(200, 20, '4', 9, '2023-10-22 13:22:36', '2023-10-22 13:22:36'),
(201, 11, '3', 10, '2023-10-22 13:22:36', '2023-10-22 13:22:36'),
(202, 12, '3', 10, '2023-10-22 13:22:36', '2023-10-22 13:22:36'),
(203, 13, '39', 10, '2023-10-22 13:22:36', '2023-10-22 13:22:36'),
(204, 14, '39', 10, '2023-10-22 13:22:36', '2023-10-22 13:22:36'),
(205, 15, '7', 10, '2023-10-22 13:22:36', '2023-10-22 13:22:36'),
(206, 16, '7', 10, '2023-10-22 13:22:36', '2023-10-22 13:22:36'),
(207, 17, '32', 10, '2023-10-22 13:22:36', '2023-10-22 13:22:36'),
(208, 18, '32', 10, '2023-10-22 13:22:36', '2023-10-22 13:22:36'),
(209, 19, '34', 10, '2023-10-22 13:22:36', '2023-10-22 13:22:36'),
(210, 20, '34', 10, '2023-10-22 13:22:36', '2023-10-22 13:22:36'),
(211, 11, '29', 11, '2023-10-22 13:22:36', '2023-10-22 13:22:36'),
(212, 12, '29', 11, '2023-10-22 13:22:36', '2023-10-22 13:22:36'),
(213, 13, '2', 11, '2023-10-22 13:22:36', '2023-10-22 13:22:36'),
(214, 14, '2', 11, '2023-10-22 13:22:36', '2023-10-22 13:22:36'),
(215, 15, '33', 11, '2023-10-22 13:22:36', '2023-10-22 13:22:36'),
(216, 16, '33', 11, '2023-10-22 13:22:36', '2023-10-22 13:22:36'),
(217, 17, '33', 11, '2023-10-22 13:22:36', '2023-10-22 13:22:36'),
(218, 18, '13', 11, '2023-10-22 13:22:36', '2023-10-22 13:22:36'),
(219, 19, '13', 11, '2023-10-22 13:22:36', '2023-10-22 13:22:36'),
(220, 20, '13', 11, '2023-10-22 13:22:36', '2023-10-22 13:22:36'),
(221, 21, '6', 1, '2023-10-22 13:22:36', '2023-10-22 13:22:36'),
(222, 22, '6', 1, '2023-10-22 13:22:36', '2023-10-22 13:22:36'),
(223, 23, '18', 1, '2023-10-22 13:22:36', '2023-10-22 13:22:36'),
(224, 24, '26', 1, '2023-10-22 13:22:36', '2023-10-22 13:22:36'),
(225, 25, '26', 1, '2023-10-22 13:22:36', '2023-10-22 13:22:36'),
(226, 26, '30', 1, '2023-10-22 13:22:36', '2023-10-22 13:22:36'),
(227, 27, '30', 1, '2023-10-22 13:22:36', '2023-10-22 13:22:36'),
(228, 28, '14', 1, '2023-10-22 13:22:36', '2023-10-22 13:22:36'),
(229, 29, '14', 1, '2023-10-22 13:22:36', '2023-10-22 13:22:36'),
(230, 30, '14', 1, '2023-10-22 13:22:36', '2023-10-22 13:22:36'),
(231, 21, '38', 2, '2023-10-22 13:22:36', '2023-10-22 13:22:36'),
(232, 22, '38', 2, '2023-10-22 13:22:36', '2023-10-22 13:22:36'),
(233, 23, '40', 2, '2023-10-22 13:22:36', '2023-10-22 13:22:36'),
(234, 24, '40', 2, '2023-10-22 13:22:36', '2023-10-22 13:22:36'),
(235, 25, '8', 2, '2023-10-22 13:22:36', '2023-10-22 13:22:36'),
(236, 26, '8', 2, '2023-10-22 13:22:36', '2023-10-22 13:22:36'),
(237, 27, '20', 2, '2023-10-22 13:22:36', '2023-10-22 13:22:36'),
(238, 28, '20', 2, '2023-10-22 13:22:36', '2023-10-22 13:22:36'),
(239, 29, '20', 2, '2023-10-22 13:22:36', '2023-10-22 13:22:36'),
(240, 30, '20', 2, '2023-10-22 13:22:36', '2023-10-22 13:22:36'),
(241, 21, '14', 3, '2023-10-22 13:22:36', '2023-10-22 13:22:36'),
(242, 22, '14', 3, '2023-10-22 13:22:36', '2023-10-22 13:22:36'),
(243, 23, '14', 3, '2023-10-22 13:22:36', '2023-10-22 13:22:36'),
(244, 24, '16', 3, '2023-10-22 13:22:36', '2023-10-22 13:22:36'),
(245, 25, '16', 3, '2023-10-22 13:22:36', '2023-10-22 13:22:36'),
(246, 26, '16', 3, '2023-10-22 13:22:36', '2023-10-22 13:22:36'),
(247, 27, '19', 3, '2023-10-22 13:22:36', '2023-10-22 13:22:36'),
(248, 28, '19', 3, '2023-10-22 13:22:36', '2023-10-22 13:22:36'),
(249, 29, '19', 3, '2023-10-22 13:22:36', '2023-10-22 13:22:36'),
(250, 30, '19', 3, '2023-10-22 13:22:36', '2023-10-22 13:22:36'),
(251, 21, '20', 4, '2023-10-22 13:22:36', '2023-10-22 13:22:36'),
(252, 22, '20', 4, '2023-10-22 13:22:36', '2023-10-22 13:22:36'),
(253, 23, '20', 4, '2023-10-22 13:22:36', '2023-10-22 13:22:36'),
(254, 24, '20', 4, '2023-10-22 13:22:36', '2023-10-22 13:22:36'),
(255, 25, '4', 4, '2023-10-22 13:22:36', '2023-10-22 13:22:36'),
(256, 26, '4', 4, '2023-10-22 13:22:36', '2023-10-22 13:22:36'),
(257, 27, '16', 4, '2023-10-22 13:22:36', '2023-10-22 13:22:36'),
(258, 28, '16', 4, '2023-10-22 13:22:36', '2023-10-22 13:22:36'),
(259, 29, '16', 4, '2023-10-22 13:22:36', '2023-10-22 13:22:36'),
(260, 30, '16', 4, '2023-10-22 13:22:36', '2023-10-22 13:22:36'),
(261, 21, '16', 5, '2023-10-22 13:22:36', '2023-10-22 13:22:36'),
(262, 22, '16', 5, '2023-10-22 13:22:36', '2023-10-22 13:22:36'),
(263, 23, '16', 5, '2023-10-22 13:22:36', '2023-10-22 13:22:36'),
(264, 24, '16', 5, '2023-10-22 13:22:36', '2023-10-22 13:22:36'),
(265, 25, '21', 5, '2023-10-22 13:22:36', '2023-10-22 13:22:36'),
(266, 26, '21', 5, '2023-10-22 13:22:36', '2023-10-22 13:22:36'),
(267, 27, '20', 5, '2023-10-22 13:22:36', '2023-10-22 13:22:36'),
(268, 28, '20', 5, '2023-10-22 13:22:36', '2023-10-22 13:22:36'),
(269, 29, '20', 5, '2023-10-22 13:22:36', '2023-10-22 13:22:36'),
(270, 30, '20', 5, '2023-10-22 13:22:36', '2023-10-22 13:22:36'),
(271, 21, '40', 6, '2023-10-22 13:22:36', '2023-10-22 13:22:36'),
(272, 22, '40', 6, '2023-10-22 13:22:36', '2023-10-22 13:22:36'),
(273, 23, '20', 6, '2023-10-22 13:22:36', '2023-10-22 13:22:36'),
(274, 24, '20', 6, '2023-10-22 13:22:36', '2023-10-22 13:22:36'),
(275, 25, '20', 6, '2023-10-22 13:22:36', '2023-10-22 13:22:36'),
(276, 26, '20', 6, '2023-10-22 13:22:36', '2023-10-22 13:22:36'),
(277, 27, '21', 6, '2023-10-22 13:22:36', '2023-10-22 13:22:36'),
(278, 28, '21', 6, '2023-10-22 13:22:36', '2023-10-22 13:22:36'),
(279, 29, '26', 6, '2023-10-22 13:22:36', '2023-10-22 13:22:36'),
(280, 30, '26', 6, '2023-10-22 13:22:36', '2023-10-22 13:22:36'),
(281, 21, '1', 6, '2023-10-22 13:22:36', '2023-10-22 13:22:36'),
(282, 22, '1', 6, '2023-10-22 13:22:36', '2023-10-22 13:22:36'),
(283, 23, '40', 6, '2023-10-22 13:22:36', '2023-10-22 13:22:36'),
(284, 24, '40', 6, '2023-10-22 13:22:36', '2023-10-22 13:22:36'),
(285, 25, '16', 6, '2023-10-22 13:22:36', '2023-10-22 13:22:36'),
(286, 26, '16', 6, '2023-10-22 13:22:36', '2023-10-22 13:22:36'),
(287, 27, '16', 6, '2023-10-22 13:22:36', '2023-10-22 13:22:36'),
(288, 28, '16', 6, '2023-10-22 13:22:36', '2023-10-22 13:22:36'),
(289, 29, '10', 6, '2023-10-22 13:22:36', '2023-10-22 13:22:36'),
(290, 30, '10', 6, '2023-10-22 13:22:36', '2023-10-22 13:22:36'),
(291, 21, '19', 8, '2023-10-22 13:22:36', '2023-10-22 13:22:36'),
(292, 22, '19', 8, '2023-10-22 13:22:36', '2023-10-22 13:22:36'),
(293, 23, '19', 8, '2023-10-22 13:22:36', '2023-10-22 13:22:36'),
(294, 24, '19', 8, '2023-10-22 13:22:36', '2023-10-22 13:22:36'),
(295, 25, '6', 8, '2023-10-22 13:22:36', '2023-10-22 13:22:36'),
(296, 26, '6', 8, '2023-10-22 13:22:36', '2023-10-22 13:22:36'),
(297, 27, '10', 8, '2023-10-22 13:22:36', '2023-10-22 13:22:36'),
(298, 28, '10', 8, '2023-10-22 13:22:36', '2023-10-22 13:22:36'),
(299, 29, '20', 8, '2023-10-22 13:22:36', '2023-10-22 13:22:36'),
(300, 30, '20', 8, '2023-10-22 13:22:36', '2023-10-22 13:22:36'),
(301, 21, '8', 9, '2023-10-22 13:22:36', '2023-10-22 13:22:36'),
(302, 22, '8', 9, '2023-10-22 13:22:36', '2023-10-22 13:22:36'),
(303, 23, '12', 9, '2023-10-22 13:22:36', '2023-10-22 13:22:36'),
(304, 24, '12', 9, '2023-10-22 13:22:36', '2023-10-22 13:22:36'),
(305, 25, '12', 9, '2023-10-22 13:22:36', '2023-10-22 13:22:36'),
(306, 26, '12', 9, '2023-10-22 13:22:36', '2023-10-22 13:22:36'),
(307, 27, '18', 9, '2023-10-22 13:22:36', '2023-10-22 13:22:36'),
(308, 28, '18', 9, '2023-10-22 13:22:36', '2023-10-22 13:22:36'),
(309, 29, '18', 9, '2023-10-22 13:22:36', '2023-10-22 13:22:36'),
(310, 30, '18', 9, '2023-10-22 13:22:36', '2023-10-22 13:22:36'),
(311, 21, '13', 10, '2023-10-22 13:22:36', '2023-10-22 13:22:36'),
(312, 22, '13', 10, '2023-10-22 13:22:36', '2023-10-22 13:22:36'),
(313, 23, '13', 10, '2023-10-22 13:22:36', '2023-10-22 13:22:36'),
(314, 24, '22', 10, '2023-10-22 13:22:36', '2023-10-22 13:22:36'),
(315, 25, '22', 10, '2023-10-22 13:22:36', '2023-10-22 13:22:36'),
(316, 26, '17', 10, '2023-10-22 13:22:36', '2023-10-22 13:22:36'),
(317, 27, '17', 10, '2023-10-22 13:22:36', '2023-10-22 13:22:36'),
(318, 28, '17', 10, '2023-10-22 13:22:36', '2023-10-22 13:22:36'),
(319, 29, '17', 10, '2023-10-22 13:22:36', '2023-10-22 13:22:36'),
(320, 30, '27', 10, '2023-10-22 13:22:36', '2023-10-22 13:22:36'),
(321, 21, '41', 11, '2023-10-22 13:22:36', '2023-10-22 13:22:36'),
(322, 22, '41', 11, '2023-10-22 13:22:36', '2023-10-22 13:22:36'),
(323, 23, '27', 11, '2023-10-22 13:22:36', '2023-10-22 13:22:36'),
(324, 24, '27', 11, '2023-10-22 13:22:36', '2023-10-22 13:22:36'),
(325, 25, '27', 11, '2023-10-22 13:22:36', '2023-10-22 13:22:36'),
(326, 26, '27', 11, '2023-10-22 13:22:36', '2023-10-22 13:22:36'),
(327, 27, '25', 11, '2023-10-22 13:22:36', '2023-10-22 13:22:36'),
(328, 28, '25', 11, '2023-10-22 13:22:36', '2023-10-22 13:22:36'),
(329, 29, '11', 11, '2023-10-22 13:22:36', '2023-10-22 13:22:36'),
(330, 30, '11', 11, '2023-10-22 13:22:36', '2023-10-22 13:22:36'),
(331, 59, '40', 1, '2023-10-22 13:22:36', '2023-10-22 13:22:36'),
(332, 32, '40', 1, '2023-10-22 13:22:36', '2023-10-22 13:22:36'),
(333, 33, '4', 1, '2023-10-22 13:22:36', '2023-10-22 13:22:36'),
(334, 60, '4', 1, '2023-10-22 13:22:36', '2023-10-22 13:22:36'),
(335, 34, '19', 1, '2023-10-22 13:22:36', '2023-10-22 13:22:36'),
(336, 35, '19', 1, '2023-10-22 13:22:36', '2023-10-22 13:22:36'),
(337, 36, '20', 1, '2023-10-22 13:22:36', '2023-10-22 13:22:36'),
(338, 37, '20', 1, '2023-10-22 13:22:36', '2023-10-22 13:22:36'),
(339, 38, '20', 1, '2023-10-22 13:22:36', '2023-10-22 13:22:36'),
(340, 39, '20', 1, '2023-10-22 13:22:36', '2023-10-22 13:22:36'),
(341, 59, '30', 2, '2023-10-22 13:22:36', '2023-10-22 13:22:36'),
(342, 32, '30', 2, '2023-10-22 13:22:36', '2023-10-22 13:22:36'),
(343, 33, '36', 2, '2023-10-22 13:22:36', '2023-10-22 13:22:36'),
(344, 60, '36', 2, '2023-10-22 13:22:36', '2023-10-22 13:22:36'),
(345, 34, '4', 2, '2023-10-22 13:22:36', '2023-10-22 13:22:36'),
(346, 35, '4', 2, '2023-10-22 13:22:36', '2023-10-22 13:22:36'),
(347, 36, '16', 2, '2023-10-22 13:22:36', '2023-10-22 13:22:36'),
(348, 37, '16', 2, '2023-10-22 13:22:36', '2023-10-22 13:22:36'),
(349, 38, '16', 2, '2023-10-22 13:22:36', '2023-10-22 13:22:36'),
(350, 39, '16', 2, '2023-10-22 13:22:36', '2023-10-22 13:22:36'),
(351, 59, '4', 3, '2023-10-22 13:22:36', '2023-10-22 13:22:36'),
(352, 32, '4', 3, '2023-10-22 13:22:36', '2023-10-22 13:22:36'),
(353, 33, '10', 3, '2023-10-22 13:22:36', '2023-10-22 13:22:36'),
(354, 60, '10', 3, '2023-10-22 13:22:36', '2023-10-22 13:22:36'),
(355, 34, '15', 3, '2023-10-22 13:22:36', '2023-10-22 13:22:36'),
(356, 35, '15', 3, '2023-10-22 13:22:36', '2023-10-22 13:22:36'),
(357, 36, '18', 3, '2023-10-22 13:22:36', '2023-10-22 13:22:36'),
(358, 37, '18', 3, '2023-10-22 13:22:36', '2023-10-22 13:22:36'),
(359, 38, '18', 3, '2023-10-22 13:22:36', '2023-10-22 13:22:36'),
(360, 39, '18', 3, '2023-10-22 13:22:36', '2023-10-22 13:22:36'),
(361, 59, '8', 4, '2023-10-22 13:22:36', '2023-10-22 13:22:36'),
(362, 32, '8', 4, '2023-10-22 13:22:36', '2023-10-22 13:22:36'),
(363, 33, '35', 4, '2023-10-22 13:22:36', '2023-10-22 13:22:36'),
(364, 60, '35', 4, '2023-10-22 13:22:36', '2023-10-22 13:22:36'),
(365, 34, '35', 4, '2023-10-22 13:22:36', '2023-10-22 13:22:36'),
(366, 35, '35', 4, '2023-10-22 13:22:36', '2023-10-22 13:22:36'),
(367, 36, '12', 4, '2023-10-22 13:22:36', '2023-10-22 13:22:36'),
(368, 37, '12', 4, '2023-10-22 13:22:36', '2023-10-22 13:22:36'),
(369, 38, '12', 4, '2023-10-22 13:22:36', '2023-10-22 13:22:36'),
(370, 39, '12', 4, '2023-10-22 13:22:36', '2023-10-22 13:22:36'),
(371, 59, '6', 5, '2023-10-22 13:22:36', '2023-10-22 13:22:36'),
(372, 32, '6', 5, '2023-10-22 13:22:36', '2023-10-22 13:22:36'),
(373, 33, '19', 5, '2023-10-22 13:22:36', '2023-10-22 13:22:36'),
(374, 60, '19', 5, '2023-10-22 13:22:36', '2023-10-22 13:22:36'),
(375, 34, '19', 5, '2023-10-22 13:22:36', '2023-10-22 13:22:36'),
(376, 35, '19', 5, '2023-10-22 13:22:36', '2023-10-22 13:22:36'),
(377, 36, '30', 5, '2023-10-22 13:22:36', '2023-10-22 13:22:36'),
(378, 37, '30', 5, '2023-10-22 13:22:36', '2023-10-22 13:22:36'),
(379, 38, '36', 5, '2023-10-22 13:22:36', '2023-10-22 13:22:36'),
(380, 39, '36', 5, '2023-10-22 13:22:36', '2023-10-22 13:22:36'),
(381, 59, '15', 6, '2023-10-22 13:22:36', '2023-10-22 13:22:36'),
(382, 32, '15', 6, '2023-10-22 13:22:36', '2023-10-22 13:22:36'),
(383, 33, '35', 6, '2023-10-22 13:22:36', '2023-10-22 13:22:36'),
(384, 60, '35', 6, '2023-10-22 13:22:36', '2023-10-22 13:22:36'),
(385, 34, '36', 6, '2023-10-22 13:22:36', '2023-10-22 13:22:36'),
(386, 35, '36', 6, '2023-10-22 13:22:36', '2023-10-22 13:22:36'),
(387, 36, '10', 6, '2023-10-22 13:22:36', '2023-10-22 13:22:36'),
(388, 37, '10', 6, '2023-10-22 13:22:36', '2023-10-22 13:22:36'),
(389, 38, '4', 6, '2023-10-22 13:22:36', '2023-10-22 13:22:36'),
(390, 39, '4', 6, '2023-10-22 13:22:36', '2023-10-22 13:22:36'),
(391, 59, '20', 7, '2023-10-22 13:22:36', '2023-10-22 13:22:36'),
(392, 32, '20', 7, '2023-10-22 13:22:36', '2023-10-22 13:22:36'),
(393, 33, '20', 7, '2023-10-22 13:22:36', '2023-10-22 13:22:36'),
(394, 60, '20', 7, '2023-10-22 13:22:36', '2023-10-22 13:22:36'),
(395, 34, '4', 7, '2023-10-22 13:22:36', '2023-10-22 13:22:36'),
(396, 35, '4', 7, '2023-10-22 13:22:36', '2023-10-22 13:22:36'),
(397, 36, '26', 7, '2023-10-22 13:22:36', '2023-10-22 13:22:36'),
(398, 37, '26', 7, '2023-10-22 13:22:36', '2023-10-22 13:22:36'),
(399, 38, '19', 7, '2023-10-22 13:22:36', '2023-10-22 13:22:36'),
(400, 39, '19', 7, '2023-10-22 13:22:36', '2023-10-22 13:22:36'),
(401, 59, '40', 8, '2023-10-22 13:22:36', '2023-10-22 13:22:36'),
(402, 32, '40', 8, '2023-10-22 13:22:36', '2023-10-22 13:22:36'),
(403, 33, '12', 8, '2023-10-22 13:22:36', '2023-10-22 13:22:36'),
(404, 60, '12', 8, '2023-10-22 13:22:36', '2023-10-22 13:22:36'),
(405, 34, '12', 8, '2023-10-22 13:22:36', '2023-10-22 13:22:36'),
(406, 35, '12', 8, '2023-10-22 13:22:36', '2023-10-22 13:22:36'),
(407, 36, '15', 8, '2023-10-22 13:22:36', '2023-10-22 13:22:36'),
(408, 37, '15', 8, '2023-10-22 13:22:36', '2023-10-22 13:22:36'),
(409, 38, '15', 8, '2023-10-22 13:22:36', '2023-10-22 13:22:36'),
(410, 39, '15', 8, '2023-10-22 13:22:36', '2023-10-22 13:22:36'),
(411, 59, '8', 9, '2023-10-22 13:22:36', '2023-10-22 13:22:36'),
(412, 32, '8', 9, '2023-10-22 13:22:36', '2023-10-22 13:22:36'),
(413, 33, '21', 9, '2023-10-22 13:22:36', '2023-10-22 13:22:36'),
(414, 60, '21', 9, '2023-10-22 13:22:36', '2023-10-22 13:22:36'),
(415, 34, '1', 9, '2023-10-22 13:22:36', '2023-10-22 13:22:36'),
(416, 35, '1', 9, '2023-10-22 13:22:36', '2023-10-22 13:22:36'),
(417, 36, '20', 9, '2023-10-22 13:22:36', '2023-10-22 13:22:36'),
(418, 37, '20', 9, '2023-10-22 13:22:36', '2023-10-22 13:22:36'),
(419, 38, '20', 9, '2023-10-22 13:22:36', '2023-10-22 13:22:36'),
(420, 39, '20', 9, '2023-10-22 13:22:36', '2023-10-22 13:22:36'),
(421, 59, '11', 10, '2023-10-22 13:22:36', '2023-10-22 13:22:36'),
(422, 32, '11', 10, '2023-10-22 13:22:36', '2023-10-22 13:22:36'),
(423, 33, '11', 10, '2023-10-22 13:22:36', '2023-10-22 13:22:36'),
(424, 60, '11', 10, '2023-10-22 13:22:36', '2023-10-22 13:22:36'),
(425, 34, '2', 10, '2023-10-22 13:22:36', '2023-10-22 13:22:36'),
(426, 35, '2', 10, '2023-10-22 13:22:36', '2023-10-22 13:22:36'),
(427, 36, '28', 10, '2023-10-22 13:22:36', '2023-10-22 13:22:36'),
(428, 37, '28', 10, '2023-10-22 13:22:36', '2023-10-22 13:22:36'),
(429, 38, '28', 10, '2023-10-22 13:22:36', '2023-10-22 13:22:36'),
(430, 39, '28', 10, '2023-10-22 13:22:36', '2023-10-22 13:22:36'),
(431, 59, '28', 11, '2023-10-22 13:22:36', '2023-10-22 13:22:36'),
(432, 32, '28', 11, '2023-10-22 13:22:36', '2023-10-22 13:22:36'),
(433, 33, '28', 11, '2023-10-22 13:22:36', '2023-10-22 13:22:36'),
(434, 60, '28', 7, '2023-10-22 13:22:36', '2023-10-22 13:22:36'),
(435, 34, '7', 11, '2023-10-22 13:22:36', '2023-10-22 13:22:36'),
(436, 35, '15', 11, '2023-10-22 13:22:36', '2023-10-22 13:22:36'),
(437, 36, '15', 11, '2023-10-22 13:22:36', '2023-10-22 13:22:36'),
(438, 37, '33', 11, '2023-10-22 13:22:36', '2023-10-22 13:22:36'),
(439, 38, '5', 11, '2023-10-22 13:22:36', '2023-10-22 13:22:36'),
(440, 39, '5', 11, '2023-10-22 13:22:36', '2023-10-22 13:22:36'),
(441, 40, '18', 1, '2023-10-22 13:22:36', '2023-10-22 13:22:36'),
(442, 41, '18', 1, '2023-10-22 13:22:36', '2023-10-22 13:22:36'),
(443, 42, '18', 1, '2023-10-22 13:22:36', '2023-10-22 13:22:36'),
(444, 43, '8', 1, '2023-10-22 13:22:36', '2023-10-22 13:22:36'),
(445, 44, '8', 1, '2023-10-22 13:22:36', '2023-10-22 13:22:36'),
(446, 45, 'EKSKUL', 1, '2023-10-22 13:22:36', '2023-10-22 13:22:36'),
(447, 46, 'EKSKUL', 1, '2023-10-22 13:22:36', '2023-10-22 13:22:36'),
(448, 47, 'EKSKUL', 1, '2023-10-22 13:22:36', '2023-10-22 13:22:36'),
(449, 48, 'EKSKUL', 1, '2023-10-22 13:22:36', '2023-10-22 13:22:36'),
(450, 40, '21', 2, '2023-10-22 13:22:36', '2023-10-22 13:22:36'),
(451, 41, '21', 2, '2023-10-22 13:22:36', '2023-10-22 13:22:36'),
(452, 42, '10', 2, '2023-10-22 13:22:36', '2023-10-22 13:22:36'),
(453, 43, '10', 2, '2023-10-22 13:22:36', '2023-10-22 13:22:36'),
(454, 44, '18', 2, '2023-10-22 13:22:36', '2023-10-22 13:22:36'),
(455, 45, 'EKSKUL', 2, '2023-10-22 13:22:36', '2023-10-22 13:22:36'),
(456, 46, 'EKSKUL', 2, '2023-10-22 13:22:36', '2023-10-22 13:22:36'),
(457, 47, 'EKSKUL', 2, '2023-10-22 13:22:36', '2023-10-22 13:22:36'),
(458, 48, 'EKSKUL', 2, '2023-10-22 13:22:36', '2023-10-22 13:22:36'),
(459, 40, '16', 3, '2023-10-22 13:22:36', '2023-10-22 13:22:36'),
(460, 41, '8', 3, '2023-10-22 13:22:36', '2023-10-22 13:22:36'),
(461, 42, '8', 3, '2023-10-22 13:22:36', '2023-10-22 13:22:36'),
(462, 43, '21', 3, '2023-10-22 13:22:36', '2023-10-22 13:22:36'),
(463, 44, '21', 3, '2023-10-22 13:22:36', '2023-10-22 13:22:36'),
(464, 45, 'EKSKUL', 3, '2023-10-22 13:22:36', '2023-10-22 13:22:36'),
(465, 46, 'EKSKUL', 3, '2023-10-22 13:22:36', '2023-10-22 13:22:36'),
(466, 47, 'EKSKUL', 3, '2023-10-22 13:22:36', '2023-10-22 13:22:36'),
(467, 48, 'EKSKUL', 3, '2023-10-22 13:22:36', '2023-10-22 13:22:36'),
(468, 40, '14', 4, '2023-10-22 13:22:36', '2023-10-22 13:22:36'),
(469, 41, '14', 4, '2023-10-22 13:22:36', '2023-10-22 13:22:36'),
(470, 42, '14', 4, '2023-10-22 13:22:36', '2023-10-22 13:22:36'),
(471, 43, '15', 4, '2023-10-22 13:22:36', '2023-10-22 13:22:36'),
(472, 44, '15', 4, '2023-10-22 13:22:36', '2023-10-22 13:22:36'),
(473, 45, 'EKSKUL', 4, '2023-10-22 13:22:36', '2023-10-22 13:22:36'),
(474, 46, 'EKSKUL', 4, '2023-10-22 13:22:36', '2023-10-22 13:22:36'),
(475, 47, 'EKSKUL', 4, '2023-10-22 13:22:36', '2023-10-22 13:22:36'),
(476, 48, 'EKSKUL', 4, '2023-10-22 13:22:36', '2023-10-22 13:22:36'),
(477, 40, '38', 5, '2023-10-22 13:22:36', '2023-10-22 13:22:36'),
(478, 41, '38', 5, '2023-10-22 13:22:36', '2023-10-22 13:22:36'),
(479, 42, '18', 5, '2023-10-22 13:22:36', '2023-10-22 13:22:36'),
(480, 43, '18', 5, '2023-10-22 13:22:36', '2023-10-22 13:22:36'),
(481, 44, '18', 5, '2023-10-22 13:22:36', '2023-10-22 13:22:36'),
(482, 45, 'EKSKUL', 5, '2023-10-22 13:22:36', '2023-10-22 13:22:36'),
(483, 46, 'EKSKUL', 5, '2023-10-22 13:22:36', '2023-10-22 13:22:36'),
(484, 47, 'EKSKUL', 5, '2023-10-22 13:22:36', '2023-10-22 13:22:36'),
(485, 48, 'EKSKUL', 5, '2023-10-22 13:22:36', '2023-10-22 13:22:36'),
(486, 40, '19', 6, '2023-10-22 13:22:36', '2023-10-22 13:22:36'),
(487, 41, '18', 6, '2023-10-22 13:22:36', '2023-10-22 13:22:36'),
(488, 42, '18', 6, '2023-10-22 13:22:36', '2023-10-22 13:22:36'),
(489, 43, '38', 6, '2023-10-22 13:22:36', '2023-10-22 13:22:36'),
(490, 44, '38', 6, '2023-10-22 13:22:36', '2023-10-22 13:22:36'),
(491, 45, 'EKSKUL', 6, '2023-10-22 13:22:36', '2023-10-22 13:22:36'),
(492, 46, 'EKSKUL', 6, '2023-10-22 13:22:36', '2023-10-22 13:22:36'),
(493, 47, 'EKSKUL', 6, '2023-10-22 13:22:36', '2023-10-22 13:22:36'),
(494, 48, 'EKSKUL', 6, '2023-10-22 13:22:36', '2023-10-22 13:22:36'),
(495, 40, '35', 7, '2023-10-22 13:22:36', '2023-10-22 13:22:36'),
(496, 41, '35', 7, '2023-10-22 13:22:36', '2023-10-22 13:22:36'),
(497, 42, '35', 7, '2023-10-22 13:22:36', '2023-10-22 13:22:36'),
(498, 43, '16', 7, '2023-10-22 13:22:36', '2023-10-22 13:22:36'),
(499, 44, '16', 7, '2023-10-22 13:22:36', '2023-10-22 13:22:36'),
(500, 45, 'EKSKUL', 7, '2023-10-22 13:22:36', '2023-10-22 13:22:36'),
(501, 46, 'EKSKUL', 7, '2023-10-22 13:22:36', '2023-10-22 13:22:36'),
(502, 47, 'EKSKUL', 7, '2023-10-22 13:22:36', '2023-10-22 13:22:36'),
(503, 48, 'EKSKUL', 7, '2023-10-22 13:22:36', '2023-10-22 13:22:36'),
(504, 40, '21', 8, '2023-10-22 13:22:36', '2023-10-22 13:22:36'),
(505, 41, '21', 8, '2023-10-22 13:22:36', '2023-10-22 13:22:36'),
(506, 42, '14', 8, '2023-10-22 13:22:36', '2023-10-22 13:22:36'),
(507, 43, '14', 8, '2023-10-22 13:22:36', '2023-10-22 13:22:36'),
(508, 44, '14', 8, '2023-10-22 13:22:36', '2023-10-22 13:22:36'),
(509, 45, 'EKSKUL', 8, '2023-10-22 13:22:36', '2023-10-22 13:22:36'),
(510, 46, 'EKSKUL', 8, '2023-10-22 13:22:36', '2023-10-22 13:22:36'),
(511, 47, 'EKSKUL', 8, '2023-10-22 13:22:36', '2023-10-22 13:22:36'),
(512, 48, 'EKSKUL', 8, '2023-10-22 13:22:36', '2023-10-22 13:22:36'),
(513, 40, '15', 8, '2023-10-22 13:22:36', '2023-10-22 13:22:36'),
(514, 41, '36', 8, '2023-10-22 13:22:36', '2023-10-22 13:22:36'),
(515, 42, '36', 8, '2023-10-22 13:22:36', '2023-10-22 13:22:36'),
(516, 43, '38', 8, '2023-10-22 13:22:36', '2023-10-22 13:22:36'),
(517, 44, '38', 8, '2023-10-22 13:22:36', '2023-10-22 13:22:36'),
(518, 45, 'EKSKUL', 8, '2023-10-22 13:22:36', '2023-10-22 13:22:36'),
(519, 46, 'EKSKUL', 8, '2023-10-22 13:22:36', '2023-10-22 13:22:36'),
(520, 47, 'EKSKUL', 8, '2023-10-22 13:22:36', '2023-10-22 13:22:36'),
(521, 48, 'EKSKUL', 8, '2023-10-22 13:22:36', '2023-10-22 13:22:36'),
(522, 40, '27', 10, '2023-10-22 13:22:36', '2023-10-22 13:22:36'),
(523, 41, '27', 10, '2023-10-22 13:22:36', '2023-10-22 13:22:36'),
(524, 42, '27', 10, '2023-10-22 13:22:36', '2023-10-22 13:22:36'),
(525, 43, '33', 10, '2023-10-22 13:22:36', '2023-10-22 13:22:36'),
(526, 44, '33', 10, '2023-10-22 13:22:36', '2023-10-22 13:22:36'),
(527, 45, 'EKSKUL', 10, '2023-10-22 13:22:36', '2023-10-22 13:22:36'),
(528, 46, 'EKSKUL', 10, '2023-10-22 13:22:36', '2023-10-22 13:22:36'),
(529, 47, 'EKSKUL', 10, '2023-10-22 13:22:36', '2023-10-22 13:22:36'),
(530, 48, 'EKSKUL', 10, '2023-10-22 13:22:36', '2023-10-22 13:22:36'),
(531, 40, '39', 11, '2023-10-22 13:22:36', '2023-10-22 13:22:36'),
(532, 41, '39', 11, '2023-10-22 13:22:36', '2023-10-22 13:22:36'),
(533, 42, '3', 11, '2023-10-22 13:22:36', '2023-10-22 13:22:36'),
(534, 43, '3', 11, '2023-10-22 13:22:36', '2023-10-22 13:22:36'),
(535, 44, '28', 11, '2023-10-22 13:22:36', '2023-10-22 13:22:36'),
(536, 45, 'EKSKUL', 11, '2023-10-22 13:22:36', '2023-10-22 13:22:36'),
(537, 46, 'EKSKUL', 11, '2023-10-22 13:22:36', '2023-10-22 13:22:36'),
(538, 47, 'EKSKUL', 11, '2023-10-22 13:22:36', '2023-10-22 13:22:36'),
(539, 48, 'EKSKUL', 11, '2023-10-22 13:22:36', '2023-10-22 13:22:36'),
(540, 49, '38', 1, '2023-10-22 13:22:36', '2023-10-22 13:22:36'),
(541, 50, '38', 1, '2023-10-22 13:22:36', '2023-10-22 13:22:36'),
(542, 51, '30', 1, '2023-10-22 13:22:36', '2023-10-22 13:22:36'),
(543, 52, '30', 1, '2023-10-22 13:22:36', '2023-10-22 13:22:36'),
(544, 53, '19', 1, '2023-10-22 13:22:36', '2023-10-22 13:22:36'),
(545, 54, '19', 1, '2023-10-22 13:22:36', '2023-10-22 13:22:36'),
(546, 55, 'EKSKUL', 1, '2023-10-22 13:22:36', '2023-10-22 13:22:36'),
(547, 56, 'EKSKUL', 1, '2023-10-22 13:22:36', '2023-10-22 13:22:36'),
(548, 57, 'EKSKUL', 1, '2023-10-22 13:22:36', '2023-10-22 13:22:36'),
(549, 58, 'EKSKUL', 1, '2023-10-22 13:22:36', '2023-10-22 13:22:36'),
(550, 49, '26', 2, '2023-10-22 13:22:36', '2023-10-22 13:22:36'),
(551, 50, '26', 2, '2023-10-22 13:22:36', '2023-10-22 13:22:36'),
(552, 51, '1', 2, '2023-10-22 13:22:36', '2023-10-22 13:22:36'),
(553, 52, '1', 2, '2023-10-22 13:22:36', '2023-10-22 13:22:36'),
(554, 53, '30', 2, '2023-10-22 13:22:36', '2023-10-22 13:22:36'),
(555, 54, '30', 2, '2023-10-22 13:22:36', '2023-10-22 13:22:36'),
(556, 55, 'EKSKUL', 2, '2023-10-22 13:22:36', '2023-10-22 13:22:36'),
(557, 56, 'EKSKUL', 2, '2023-10-22 13:22:36', '2023-10-22 13:22:36'),
(558, 57, 'EKSKUL', 2, '2023-10-22 13:22:36', '2023-10-22 13:22:36'),
(559, 58, 'EKSKUL', 2, '2023-10-22 13:22:36', '2023-10-22 13:22:36'),
(560, 49, '36', 3, '2023-10-22 13:22:36', '2023-10-22 13:22:36'),
(561, 50, '36', 3, '2023-10-22 13:22:36', '2023-10-22 13:22:36'),
(562, 51, '40', 3, '2023-10-22 13:22:36', '2023-10-22 13:22:36'),
(563, 52, '40', 3, '2023-10-22 13:22:36', '2023-10-22 13:22:36'),
(564, 53, '38', 3, '2023-10-22 13:22:36', '2023-10-22 13:22:36'),
(565, 54, '38', 3, '2023-10-22 13:22:36', '2023-10-22 13:22:36'),
(566, 55, 'EKSKUL', 3, '2023-10-22 13:22:36', '2023-10-22 13:22:36'),
(567, 56, 'EKSKUL', 3, '2023-10-22 13:22:36', '2023-10-22 13:22:36'),
(568, 57, 'EKSKUL', 3, '2023-10-22 13:22:36', '2023-10-22 13:22:36'),
(569, 58, 'EKSKUL', 3, '2023-10-22 13:22:36', '2023-10-22 13:22:36'),
(570, 49, '6', 4, '2023-10-22 13:22:36', '2023-10-22 13:22:36'),
(571, 50, '6', 4, '2023-10-22 13:22:36', '2023-10-22 13:22:36'),
(572, 51, '40', 4, '2023-10-22 13:22:36', '2023-10-22 13:22:36'),
(573, 52, '40', 4, '2023-10-22 13:22:36', '2023-10-22 13:22:36'),
(574, 53, '1', 4, '2023-10-22 13:22:36', '2023-10-22 13:22:36'),
(575, 54, '1', 4, '2023-10-22 13:22:36', '2023-10-22 13:22:36'),
(576, 55, 'EKSKUL', 4, '2023-10-22 13:22:36', '2023-10-22 13:22:36'),
(577, 56, 'EKSKUL', 4, '2023-10-22 13:22:36', '2023-10-22 13:22:36'),
(578, 57, 'EKSKUL', 4, '2023-10-22 13:22:36', '2023-10-22 13:22:36'),
(579, 58, 'EKSKUL', 4, '2023-10-22 13:22:36', '2023-10-22 13:22:36'),
(580, 49, '1', 5, '2023-10-22 13:22:36', '2023-10-22 13:22:36'),
(581, 50, '1', 5, '2023-10-22 13:22:36', '2023-10-22 13:22:36'),
(582, 51, '24', 5, '2023-10-22 13:22:36', '2023-10-22 13:22:36'),
(583, 52, '24', 5, '2023-10-22 13:22:36', '2023-10-22 13:22:36'),
(584, 53, '30', 5, '2023-10-22 13:22:36', '2023-10-22 13:22:36'),
(585, 54, '30', 5, '2023-10-22 13:22:36', '2023-10-22 13:22:36'),
(586, 55, 'EKSKUL', 5, '2023-10-22 13:22:36', '2023-10-22 13:22:36'),
(587, 56, 'EKSKUL', 5, '2023-10-22 13:22:36', '2023-10-22 13:22:36'),
(588, 57, 'EKSKUL', 5, '2023-10-22 13:22:36', '2023-10-22 13:22:36'),
(589, 58, 'EKSKUL', 5, '2023-10-22 13:22:36', '2023-10-22 13:22:36'),
(590, 49, '15', 6, '2023-10-22 13:22:36', '2023-10-22 13:22:36'),
(591, 50, '15', 6, '2023-10-22 13:22:36', '2023-10-22 13:22:36'),
(592, 51, '6', 6, '2023-10-22 13:22:36', '2023-10-22 13:22:36'),
(593, 52, '6', 6, '2023-10-22 13:22:36', '2023-10-22 13:22:36'),
(594, 53, '8', 6, '2023-10-22 13:22:36', '2023-10-22 13:22:36'),
(595, 54, '8', 6, '2023-10-22 13:22:36', '2023-10-22 13:22:36'),
(596, 55, 'EKSKUL', 6, '2023-10-22 13:22:36', '2023-10-22 13:22:36'),
(597, 56, 'EKSKUL', 6, '2023-10-22 13:22:36', '2023-10-22 13:22:36'),
(598, 57, 'EKSKUL', 6, '2023-10-22 13:22:36', '2023-10-22 13:22:36'),
(599, 58, 'EKSKUL', 6, '2023-10-22 13:22:36', '2023-10-22 13:22:36'),
(600, 49, '16', 7, '2023-10-22 13:22:36', '2023-10-22 13:22:36'),
(601, 50, '16', 7, '2023-10-22 13:22:36', '2023-10-22 13:22:36'),
(602, 51, '36', 7, '2023-10-22 13:22:36', '2023-10-22 13:22:36'),
(603, 52, '36', 7, '2023-10-22 13:22:36', '2023-10-22 13:22:36'),
(604, 53, '38', 7, '2023-10-22 13:22:36', '2023-10-22 13:22:36'),
(605, 54, '38', 7, '2023-10-22 13:22:36', '2023-10-22 13:22:36'),
(606, 55, 'EKSKUL', 7, '2023-10-22 13:22:36', '2023-10-22 13:22:36'),
(607, 56, 'EKSKUL', 7, '2023-10-22 13:22:36', '2023-10-22 13:22:36'),
(608, 57, 'EKSKUL', 7, '2023-10-22 13:22:36', '2023-10-22 13:22:36'),
(609, 58, 'EKSKUL', 7, '2023-10-22 13:22:36', '2023-10-22 13:22:36'),
(610, 49, '30', 8, '2023-10-22 13:22:36', '2023-10-22 13:22:36'),
(611, 50, '30', 8, '2023-10-22 13:22:36', '2023-10-22 13:22:36'),
(612, 51, '30', 8, '2023-10-22 13:22:36', '2023-10-22 13:22:36'),
(613, 52, '30', 8, '2023-10-22 13:22:36', '2023-10-22 13:22:36'),
(614, 53, '36', 8, '2023-10-22 13:22:36', '2023-10-22 13:22:36'),
(615, 54, '36', 8, '2023-10-22 13:22:36', '2023-10-22 13:22:36'),
(616, 55, 'EKSKUL', 8, '2023-10-22 13:22:36', '2023-10-22 13:22:36'),
(617, 56, 'EKSKUL', 8, '2023-10-22 13:22:36', '2023-10-22 13:22:36'),
(618, 57, 'EKSKUL', 8, '2023-10-22 13:22:36', '2023-10-22 13:22:36'),
(619, 58, 'EKSKUL', 8, '2023-10-22 13:22:36', '2023-10-22 13:22:36'),
(620, 49, '14', 9, '2023-10-22 13:22:36', '2023-10-22 13:22:36'),
(621, 50, '14', 9, '2023-10-22 13:22:36', '2023-10-22 13:22:36'),
(622, 51, '14', 9, '2023-10-22 13:22:36', '2023-10-22 13:22:36'),
(623, 52, '10', 9, '2023-10-22 13:22:36', '2023-10-22 13:22:36'),
(624, 53, '10', 9, '2023-10-22 13:22:36', '2023-10-22 13:22:36'),
(625, 54, '10', 9, '2023-10-22 13:22:36', '2023-10-22 13:22:36'),
(626, 55, 'EKSKUL', 9, '2023-10-22 13:22:36', '2023-10-22 13:22:36'),
(627, 56, 'EKSKUL', 9, '2023-10-22 13:22:36', '2023-10-22 13:22:36'),
(628, 57, 'EKSKUL', 9, '2023-10-22 13:22:36', '2023-10-22 13:22:36'),
(629, 58, 'EKSKUL', 9, '2023-10-22 13:22:36', '2023-10-22 13:22:36'),
(630, 49, '33', 10, '2023-10-22 13:22:36', '2023-10-22 13:22:36'),
(631, 50, '33', 10, '2023-10-22 13:22:36', '2023-10-22 13:22:36'),
(632, 51, '9', 10, '2023-10-22 13:22:36', '2023-10-22 13:22:36'),
(633, 52, '9', 10, '2023-10-22 13:22:36', '2023-10-22 13:22:36'),
(634, 53, '41', 10, '2023-10-22 13:22:36', '2023-10-22 13:22:36'),
(635, 54, '41', 10, '2023-10-22 13:22:36', '2023-10-22 13:22:36'),
(636, 55, 'EKSKUL', 10, '2023-10-22 13:22:36', '2023-10-22 13:22:36'),
(637, 56, 'EKSKUL', 10, '2023-10-22 13:22:36', '2023-10-22 13:22:36'),
(638, 57, 'EKSKUL', 10, '2023-10-22 13:22:36', '2023-10-22 13:22:36'),
(639, 58, 'EKSKUL', 10, '2023-10-22 13:22:36', '2023-10-22 13:22:36'),
(640, 49, '29', 11, '2023-10-22 13:22:36', '2023-10-22 13:22:36'),
(641, 50, '29', 11, '2023-10-22 13:22:36', '2023-10-22 13:22:36'),
(642, 51, '22', 11, '2023-10-22 13:22:36', '2023-10-22 13:22:36'),
(643, 52, '22', 11, '2023-10-22 13:22:36', '2023-10-22 13:22:36'),
(644, 53, '34', 11, '2023-10-22 13:22:36', '2023-10-22 13:22:36'),
(645, 54, '34', 11, '2023-10-22 13:22:36', '2023-10-22 13:22:36'),
(646, 55, 'EKSKUL', 11, '2023-10-22 13:22:36', '2023-10-22 13:22:36'),
(647, 56, 'EKSKUL', 11, '2023-10-22 13:22:36', '2023-10-22 13:22:36'),
(648, 57, 'EKSKUL', 11, '2023-10-22 13:22:36', '2023-10-22 13:22:36'),
(649, 58, 'EKSKUL', 11, '2023-10-22 13:22:36', '2023-10-22 13:22:36');

-- --------------------------------------------------------

--
-- Struktur dari tabel `slot_jadwals`
--

CREATE TABLE `slot_jadwals` (
  `id` bigint(20) UNSIGNED NOT NULL,
  `hari_belajars_id` bigint(20) UNSIGNED NOT NULL,
  `jam_belajars_id` bigint(20) UNSIGNED NOT NULL,
  `created_at` timestamp NULL DEFAULT NULL,
  `updated_at` timestamp NULL DEFAULT NULL
) ENGINE=InnoDB DEFAULT CHARSET=utf8mb4 COLLATE=utf8mb4_unicode_ci;

--
-- Dumping data untuk tabel `slot_jadwals`
--

INSERT INTO `slot_jadwals` (`id`, `hari_belajars_id`, `jam_belajars_id`, `created_at`, `updated_at`) VALUES
(1, 1, 1, '2023-09-07 21:49:34', '2023-09-07 21:49:34'),
(2, 1, 2, '2023-09-07 21:49:42', '2023-09-07 21:49:42'),
(3, 1, 3, '2023-09-07 21:49:49', '2023-09-07 21:49:49'),
(4, 1, 4, '2023-09-07 21:49:58', '2023-09-07 21:49:58'),
(5, 1, 5, '2023-09-07 21:50:06', '2023-09-07 21:50:19'),
(6, 1, 6, '2023-09-07 21:50:28', '2023-09-07 21:50:28'),
(7, 1, 7, '2023-09-07 21:50:35', '2023-09-07 21:50:35'),
(8, 1, 8, '2023-09-07 21:50:41', '2023-09-07 21:50:41'),
(9, 1, 9, '2023-09-07 21:50:50', '2023-09-07 21:50:50'),
(10, 1, 10, '2023-09-07 21:50:57', '2023-09-07 21:50:57'),
(11, 2, 1, '2023-09-07 21:51:05', '2023-09-07 21:51:05'),
(12, 2, 2, '2023-09-07 21:51:11', '2023-09-07 21:51:11'),
(13, 2, 3, '2023-09-07 21:51:15', '2023-09-07 21:51:15'),
(14, 2, 4, '2023-09-07 21:51:23', '2023-09-07 21:51:23'),
(15, 2, 5, '2023-09-07 21:51:33', '2023-09-07 21:51:33'),
(16, 2, 6, '2023-09-07 21:51:43', '2023-09-07 21:51:43'),
(17, 2, 7, '2023-09-07 21:51:54', '2023-09-07 21:51:54'),
(18, 2, 8, '2023-09-07 21:52:02', '2023-09-07 21:52:02'),
(19, 2, 9, '2023-09-07 21:52:13', '2023-09-07 21:52:13'),
(20, 2, 10, '2023-09-07 21:52:25', '2023-09-07 21:52:25'),
(21, 3, 1, '2023-09-07 21:52:41', '2023-09-07 21:52:41'),
(22, 3, 2, '2023-09-07 21:52:47', '2023-09-07 21:52:47'),
(23, 3, 3, '2023-09-07 21:52:53', '2023-09-07 21:52:53'),
(24, 3, 4, '2023-09-07 21:53:04', '2023-09-07 21:53:04'),
(25, 3, 5, '2023-09-07 21:53:14', '2023-09-07 21:53:14'),
(26, 3, 6, '2023-09-07 21:53:26', '2023-09-07 21:54:00'),
(27, 3, 7, '2023-09-17 12:01:34', '2023-09-17 12:01:40'),
(28, 3, 8, '2023-09-17 12:01:47', '2023-09-17 12:01:47'),
(29, 3, 9, '2023-09-17 12:01:58', '2023-09-17 12:01:58'),
(30, 3, 10, '2023-09-17 12:02:03', '2023-09-17 12:02:03'),
(32, 4, 2, '2023-09-17 12:02:16', '2023-09-17 12:02:16'),
(33, 4, 3, '2023-09-17 12:02:22', '2023-09-17 12:02:22'),
(34, 4, 5, '2023-09-17 12:02:27', '2023-09-17 12:02:27'),
(35, 4, 6, '2023-09-17 12:02:38', '2023-09-17 12:02:38'),
(36, 4, 7, '2023-09-17 12:02:45', '2023-09-17 12:02:52'),
(37, 4, 8, '2023-09-17 12:02:57', '2023-09-17 12:02:57'),
(38, 4, 9, '2023-09-17 12:03:05', '2023-09-17 12:03:05'),
(39, 4, 10, '2023-09-17 12:03:14', '2023-09-17 12:03:14'),
(40, 5, 11, '2023-09-18 23:27:48', '2023-09-18 23:27:48'),
(41, 5, 12, '2023-09-18 23:28:01', '2023-09-18 23:28:01'),
(42, 5, 13, '2023-09-18 23:28:11', '2023-09-18 23:28:11'),
(43, 5, 14, '2023-09-18 23:28:20', '2023-09-18 23:28:20'),
(44, 5, 15, '2023-09-18 23:28:27', '2023-09-18 23:28:27'),
(45, 5, 16, '2023-09-18 23:28:35', '2023-09-18 23:28:35'),
(46, 5, 17, '2023-09-18 23:28:43', '2023-09-18 23:28:43'),
(47, 5, 18, '2023-09-18 23:28:52', '2023-09-18 23:28:52'),
(48, 5, 19, '2023-09-18 23:28:59', '2023-09-18 23:28:59'),
(49, 6, 11, '2023-09-18 23:29:12', '2023-09-18 23:29:12'),
(50, 6, 12, '2023-09-18 23:29:19', '2023-09-18 23:29:19'),
(51, 6, 13, '2023-09-18 23:29:31', '2023-09-18 23:29:31'),
(52, 6, 14, '2023-09-18 23:29:37', '2023-09-18 23:29:37'),
(53, 6, 15, '2023-09-18 23:29:53', '2023-09-18 23:29:53'),
(54, 6, 20, '2023-09-18 23:30:07', '2023-09-18 23:30:07'),
(55, 6, 21, '2023-09-18 23:30:15', '2023-09-18 23:30:15'),
(56, 6, 22, '2023-09-18 23:30:23', '2023-09-18 23:30:23'),
(57, 6, 23, '2023-09-18 23:30:29', '2023-09-18 23:30:29'),
(58, 6, 24, '2023-09-18 23:30:35', '2023-09-18 23:30:35'),
(59, 4, 1, '2023-10-18 21:30:44', '2023-10-18 21:30:44'),
(60, 4, 4, '2023-10-22 10:04:17', '2023-10-22 10:04:17');

-- --------------------------------------------------------

--
-- Struktur dari tabel `teachers`
--

CREATE TABLE `teachers` (
  `id` bigint(20) UNSIGNED NOT NULL,
  `nip` varchar(255) NOT NULL,
  `nama` varchar(255) DEFAULT NULL,
  `nomor_handphone` varchar(255) DEFAULT NULL,
  `alamat` varchar(255) DEFAULT NULL,
  `jabatan` varchar(255) DEFAULT NULL,
  `jumlah_ampuh` varchar(255) DEFAULT NULL,
  `created_at` timestamp NULL DEFAULT NULL,
  `updated_at` timestamp NULL DEFAULT NULL
) ENGINE=InnoDB DEFAULT CHARSET=utf8mb4 COLLATE=utf8mb4_unicode_ci;

--
-- Dumping data untuk tabel `teachers`
--

INSERT INTO `teachers` (`id`, `nip`, `nama`, `nomor_handphone`, `alamat`, `jabatan`, `jumlah_ampuh`, `created_at`, `updated_at`) VALUES
(1, '88335341690', 'Sultan Firdaus Pane', '(+62) 821 2660 266', 'Jln. Cikutra Timur No. 42, Bitung 85687, Jatim', 'Pramugari', '12', '2023-09-05 04:49:29', '2023-09-05 04:49:29'),
(2, '489882660280', 'Fatmawati', '0912 3565 4053', 'Psr. Asia Afrika No. 288, Cimahi 67461, Banten', 'Perawat', '12', '2023-09-05 04:49:29', '2023-09-05 04:49:29'),
(3, '776951194125', 'Heniati', '0423 7943 4951', 'Psr. Bara Tambar No. 612, Prabumulih 27930, Gorontalo', 'Pengacara', '12', '2023-09-05 04:49:29', '2023-09-05 04:49:29'),
(4, '931724470118', 'Nurijah', '(+62) 381 9709 6669', 'Jr. Yogyakarta No. 564, Gorontalo 53264, Malut', 'Tukang Jahit', '12', '2023-09-05 04:49:29', '2023-09-05 04:49:29'),
(5, '268384285912', 'Amirudin', '(+62) 868 031 563', 'Gg. Bakaru No. 758, Ambon 82139, DIY', 'Petani / Pekebun', '12', '2023-09-05 04:49:29', '2023-09-05 04:49:29'),
(6, '57065955579', 'Dewi Asma', '(+62) 599 1650 593', 'Jr. Sentot Alibasa No. 471, Jayapura 17040, Babel', 'Atlet', '12', '2023-09-05 04:49:29', '2023-09-05 04:49:29'),
(7, '571332635782', 'H. Amrizal', '029 2066 2821', 'Dk. Basmol Raya No. 595, Cilegon 58181, Banten', 'Industri', '12', '2023-09-05 04:49:29', '2023-09-05 04:49:29'),
(8, '195431756637', 'Roihannah, S.pd, M.pd', '(+62) 736 8438 950', 'Jr. Dewi Sartika No. 646, Sawahlunto 37764, Papua', 'Hakim', '12', '2023-09-05 04:49:29', '2023-09-05 04:49:29'),
(9, '160161516676', 'Yuswita', '0216 5315 1347', 'Jr. Untung Suropati No. 722, Bogor 80374, Riau', 'Tukang Cukur', '12', '2023-09-05 04:49:29', '2023-09-05 04:49:29'),
(10, '488483273431', 'DRS. Dani M,p.d', '0459 6638 152', 'Dk. Qrisdoren No. 921, Pekalongan 85842, Sulsel', 'Belum / Tidak Bekerja', '12', '2023-09-05 04:49:29', '2023-09-05 04:49:29'),
(11, '257179755', 'Nurfikah Putri S.T', '(+62) 942 0992 581', 'Ki. Dago No. 474, Blitar 53451, Babel', 'Pilot', '12', '2023-09-05 04:49:29', '2023-09-05 04:49:29'),
(12, '861686439772', 'Sri Bungowati S.P, M.si', '(+62) 970 5476 7508', 'Dk. Baranang Siang Indah No. 404, Administrasi Jakarta Barat 23304, Lampung', 'Biarawati', '12', '2023-09-05 04:49:29', '2023-09-05 04:49:29'),
(13, '283677374283', 'Ririn Apriani S.pd', '(+62) 960 2801 351', 'Psr. Urip Sumoharjo No. 144, Bukittinggi 92068, Bengkulu', 'Karyawan BUMD', '12', '2023-09-05 04:49:29', '2023-09-05 04:49:29'),
(14, '414705261389', 'Ayu Oktaria Sari S.Kom', '(+62) 536 4971 527', 'Kpg. Sudiarto No. 65, Dumai 63203, Lampung', 'Buruh Harian Lepas', '12', '2023-09-05 04:49:29', '2023-09-05 04:49:29'),
(15, '131090211312', 'Adiamar S.pd', '0842 759 286', 'Jln. Dipenogoro No. 352, Probolinggo 80820, Sumbar', 'Seniman', '12', '2023-09-05 04:49:29', '2023-09-05 04:49:29'),
(16, '142666845832', 'Samsudin', '0776 4364 738', 'Psr. Laksamana No. 397, Pangkal Pinang 50257, Aceh', 'Pialang', '12', '2023-09-05 04:49:29', '2023-09-05 04:49:29'),
(17, '34042391071', 'Sri Gustiani S.SOS', '0235 9142 1328', 'Gg. Abdul. Muis No. 440, Bandung 44400, Sulteng', 'Tukang Sol Sepatu', '12', '2023-09-05 04:49:29', '2023-09-05 04:49:29'),
(18, '25537991665', 'Nur Meli, S.pd', '(+62) 940 6959 156', 'Kpg. Jagakarsa No. 885, Madiun 57596, DIY', 'Notaris', '12', '2023-09-05 04:49:29', '2023-09-05 04:49:29'),
(19, '88335341623', 'Sarmisih S.pd', '08122112211', 'Teest', 'Test', '12', '2023-10-19 11:15:10', '2023-10-22 12:52:29'),
(20, '31241414232', 'Via Dwi Cahyani S.pd', '082233112233', 'TEST', 'TEST', '12', '2023-10-22 00:33:02', '2023-10-22 12:52:38'),
(21, '21312341432', 'Adya Amar S.pd', '082233112322', 'TEST', 'TEST', '12', '2023-10-22 02:46:20', '2023-10-22 12:52:35');

-- --------------------------------------------------------

--
-- Struktur dari tabel `users`
--

CREATE TABLE `users` (
  `id` bigint(20) UNSIGNED NOT NULL,
  `name` varchar(255) NOT NULL,
  `email` varchar(255) NOT NULL,
  `email_verified_at` timestamp NULL DEFAULT NULL,
  `password` varchar(255) NOT NULL,
  `remember_token` varchar(100) DEFAULT NULL,
  `created_at` timestamp NULL DEFAULT NULL,
  `updated_at` timestamp NULL DEFAULT NULL
) ENGINE=InnoDB DEFAULT CHARSET=utf8mb4 COLLATE=utf8mb4_unicode_ci;

--
-- Dumping data untuk tabel `users`
--

INSERT INTO `users` (`id`, `name`, `email`, `email_verified_at`, `password`, `remember_token`, `created_at`, `updated_at`) VALUES
(1, 'Administrator', 'admin@gmail.com', NULL, '$2a$12$0qwsZpc9zAkPrNnx5g0kFOJOLoxB3i57R02RvALZnMEfMHj3USYfa', NULL, '2023-08-29 23:05:06', '2023-08-29 23:05:06');

--
-- Indexes for dumped tables
--

--
-- Indeks untuk tabel `failed_jobs`
--
ALTER TABLE `failed_jobs`
  ADD PRIMARY KEY (`id`),
  ADD UNIQUE KEY `failed_jobs_uuid_unique` (`uuid`);

--
-- Indeks untuk tabel `hari_belajars`
--
ALTER TABLE `hari_belajars`
  ADD PRIMARY KEY (`id`);

--
-- Indeks untuk tabel `inisiasi_jadwals`
--
ALTER TABLE `inisiasi_jadwals`
  ADD PRIMARY KEY (`id`);

--
-- Indeks untuk tabel `jam_belajars`
--
ALTER TABLE `jam_belajars`
  ADD PRIMARY KEY (`id`);

--
-- Indeks untuk tabel `kelas`
--
ALTER TABLE `kelas`
  ADD PRIMARY KEY (`id`);

--
-- Indeks untuk tabel `mata_pelajarans`
--
ALTER TABLE `mata_pelajarans`
  ADD PRIMARY KEY (`id`);

--
-- Indeks untuk tabel `migrations`
--
ALTER TABLE `migrations`
  ADD PRIMARY KEY (`id`);

--
-- Indeks untuk tabel `parameters`
--
ALTER TABLE `parameters`
  ADD PRIMARY KEY (`id`);

--
-- Indeks untuk tabel `password_resets`
--
ALTER TABLE `password_resets`
  ADD KEY `password_resets_email_index` (`email`);

--
-- Indeks untuk tabel `password_reset_tokens`
--
ALTER TABLE `password_reset_tokens`
  ADD PRIMARY KEY (`email`);

--
-- Indeks untuk tabel `personal_access_tokens`
--
ALTER TABLE `personal_access_tokens`
  ADD PRIMARY KEY (`id`),
  ADD UNIQUE KEY `personal_access_tokens_token_unique` (`token`),
  ADD KEY `personal_access_tokens_tokenable_type_tokenable_id_index` (`tokenable_type`,`tokenable_id`);

--
-- Indeks untuk tabel `results`
--
ALTER TABLE `results`
  ADD PRIMARY KEY (`id`),
  ADD KEY `results_slot_id_foreign` (`slot_id`),
  ADD KEY `results_kelas_id_foreign` (`kelas_id`);

--
-- Indeks untuk tabel `slot_jadwals`
--
ALTER TABLE `slot_jadwals`
  ADD PRIMARY KEY (`id`),
  ADD KEY `slot_jadwals_hari_belajars_id_foreign` (`hari_belajars_id`),
  ADD KEY `slot_jadwals_jam_belajars_id_foreign` (`jam_belajars_id`);

--
-- Indeks untuk tabel `teachers`
--
ALTER TABLE `teachers`
  ADD PRIMARY KEY (`id`),
  ADD UNIQUE KEY `nip` (`nip`);

--
-- Indeks untuk tabel `users`
--
ALTER TABLE `users`
  ADD PRIMARY KEY (`id`),
  ADD UNIQUE KEY `users_email_unique` (`email`);

--
-- AUTO_INCREMENT untuk tabel yang dibuang
--

--
-- AUTO_INCREMENT untuk tabel `failed_jobs`
--
ALTER TABLE `failed_jobs`
  MODIFY `id` bigint(20) UNSIGNED NOT NULL AUTO_INCREMENT;

--
-- AUTO_INCREMENT untuk tabel `hari_belajars`
--
ALTER TABLE `hari_belajars`
  MODIFY `id` bigint(20) UNSIGNED NOT NULL AUTO_INCREMENT, AUTO_INCREMENT=7;

--
-- AUTO_INCREMENT untuk tabel `inisiasi_jadwals`
--
ALTER TABLE `inisiasi_jadwals`
  MODIFY `id` bigint(20) UNSIGNED NOT NULL AUTO_INCREMENT, AUTO_INCREMENT=42;

--
-- AUTO_INCREMENT untuk tabel `jam_belajars`
--
ALTER TABLE `jam_belajars`
  MODIFY `id` bigint(20) UNSIGNED NOT NULL AUTO_INCREMENT, AUTO_INCREMENT=25;

--
-- AUTO_INCREMENT untuk tabel `kelas`
--
ALTER TABLE `kelas`
  MODIFY `id` bigint(20) UNSIGNED NOT NULL AUTO_INCREMENT, AUTO_INCREMENT=13;

--
-- AUTO_INCREMENT untuk tabel `mata_pelajarans`
--
ALTER TABLE `mata_pelajarans`
  MODIFY `id` bigint(20) UNSIGNED NOT NULL AUTO_INCREMENT, AUTO_INCREMENT=47;

--
-- AUTO_INCREMENT untuk tabel `migrations`
--
ALTER TABLE `migrations`
  MODIFY `id` int(10) UNSIGNED NOT NULL AUTO_INCREMENT, AUTO_INCREMENT=18;

--
-- AUTO_INCREMENT untuk tabel `parameters`
--
ALTER TABLE `parameters`
  MODIFY `id` bigint(20) UNSIGNED NOT NULL AUTO_INCREMENT;

--
-- AUTO_INCREMENT untuk tabel `personal_access_tokens`
--
ALTER TABLE `personal_access_tokens`
  MODIFY `id` bigint(20) UNSIGNED NOT NULL AUTO_INCREMENT;

--
-- AUTO_INCREMENT untuk tabel `results`
--
ALTER TABLE `results`
  MODIFY `id` bigint(20) UNSIGNED NOT NULL AUTO_INCREMENT, AUTO_INCREMENT=650;

--
-- AUTO_INCREMENT untuk tabel `slot_jadwals`
--
ALTER TABLE `slot_jadwals`
  MODIFY `id` bigint(20) UNSIGNED NOT NULL AUTO_INCREMENT, AUTO_INCREMENT=61;

--
-- AUTO_INCREMENT untuk tabel `teachers`
--
ALTER TABLE `teachers`
  MODIFY `id` bigint(20) UNSIGNED NOT NULL AUTO_INCREMENT, AUTO_INCREMENT=22;

--
-- AUTO_INCREMENT untuk tabel `users`
--
ALTER TABLE `users`
  MODIFY `id` bigint(20) UNSIGNED NOT NULL AUTO_INCREMENT, AUTO_INCREMENT=2;

--
-- Ketidakleluasaan untuk tabel pelimpahan (Dumped Tables)
--

--
-- Ketidakleluasaan untuk tabel `results`
--
ALTER TABLE `results`
  ADD CONSTRAINT `results_kelas_id_foreign` FOREIGN KEY (`kelas_id`) REFERENCES `kelas` (`id`) ON DELETE CASCADE,
  ADD CONSTRAINT `results_slot_id_foreign` FOREIGN KEY (`slot_id`) REFERENCES `slot_jadwals` (`id`) ON DELETE CASCADE;

--
-- Ketidakleluasaan untuk tabel `slot_jadwals`
--
ALTER TABLE `slot_jadwals`
  ADD CONSTRAINT `slot_jadwals_hari_belajars_id_foreign` FOREIGN KEY (`hari_belajars_id`) REFERENCES `hari_belajars` (`id`) ON DELETE CASCADE,
  ADD CONSTRAINT `slot_jadwals_jam_belajars_id_foreign` FOREIGN KEY (`jam_belajars_id`) REFERENCES `jam_belajars` (`id`) ON DELETE CASCADE;
COMMIT;

/*!40101 SET CHARACTER_SET_CLIENT=@OLD_CHARACTER_SET_CLIENT */;
/*!40101 SET CHARACTER_SET_RESULTS=@OLD_CHARACTER_SET_RESULTS */;
/*!40101 SET COLLATION_CONNECTION=@OLD_COLLATION_CONNECTION */;
